Date,LQD
04/11/07,106.32
04/12/07,106.48
04/13/07,106.30
04/16/07,106.39
04/17/07,106.97
04/18/07,107.00
04/19/07,107.07
04/20/07,107.04
04/23/07,107.35
04/24/07,107.62
04/25/07,107.47
04/26/07,107.24
04/27/07,107.21
04/30/07,107.73
05/01/07,107.19
05/02/07,107.16
05/03/07,107.01
05/04/07,107.27
05/07/07,107.40
05/08/07,107.34
05/09/07,107.17
05/10/07,107.22
05/11/07,107.11
05/14/07,107.00
05/15/07,106.76
05/16/07,107.01
05/17/07,106.69
05/18/07,106.39
05/21/07,106.53
05/22/07,106.19
05/23/07,106.09
05/24/07,106.22
05/25/07,106.15
05/29/07,105.94
05/30/07,106.02
05/31/07,105.93
06/01/07,105.03
06/04/07,105.20
06/05/07,104.86
06/06/07,104.95
06/07/07,103.83
06/08/07,103.88
06/11/07,103.56
06/12/07,103.00
06/13/07,103.45
06/14/07,103.42
06/15/07,103.83
06/18/07,103.82
06/19/07,104.49
06/20/07,103.99
06/21/07,103.72
06/22/07,104.00
06/25/07,104.12
06/26/07,104.10
06/27/07,104.10
06/28/07,103.99
06/29/07,104.58
07/02/07,103.85
07/03/07,103.87
07/05/07,103.20
07/06/07,103.00
07/09/07,103.21
07/10/07,103.92
07/11/07,103.45
07/12/07,103.04
07/13/07,103.49
07/16/07,103.76
07/17/07,103.54
07/18/07,103.84
07/19/07,103.62
07/20/07,103.91
07/23/07,103.79
07/24/07,103.66
07/25/07,103.74
07/26/07,103.52
07/27/07,103.14
07/30/07,103.30
07/31/07,103.25
08/01/07,103.09
08/02/07,102.95
08/03/07,103.46
08/06/07,103.10
08/07/07,103.38
08/08/07,103.49
08/09/07,103.40
08/10/07,102.94
08/13/07,103.30
08/14/07,103.95
08/15/07,103.66
08/16/07,102.66
08/17/07,102.84
08/20/07,103.58
08/21/07,103.79
08/22/07,104.00
08/23/07,104.05
08/24/07,104.28
08/27/07,104.00
08/28/07,104.89
08/29/07,104.41
08/30/07,104.72
08/31/07,105.21
09/04/07,104.49
09/05/07,104.90
09/06/07,104.66
09/07/07,105.23
09/10/07,105.54
09/11/07,104.93
09/12/07,104.50
09/13/07,104.35
09/14/07,104.64
09/17/07,104.60
09/18/07,104.85
09/19/07,104.27
09/20/07,104.08
09/21/07,104.57
09/24/07,105.09
09/25/07,105.03
09/26/07,105.29
09/27/07,105.56
09/28/07,105.49
10/01/07,104.33
10/02/07,104.23
10/03/07,104.70
10/04/07,105.53
10/05/07,105.10
10/08/07,105.47
10/09/07,105.01
10/10/07,105.38
10/11/07,105.60
10/12/07,105.02
10/15/07,105.35
10/16/07,105.53
10/17/07,106.03
10/18/07,106.04
10/19/07,106.73
10/22/07,106.73
10/23/07,106.10
10/24/07,106.75
10/25/07,106.50
10/26/07,106.33
10/29/07,106.56
10/30/07,106.57
10/31/07,106.02
11/01/07,106.35
11/02/07,105.69
11/05/07,105.95
11/06/07,105.30
11/07/07,105.23
11/08/07,105.40
11/09/07,105.87
11/12/07,105.83
11/13/07,105.30
11/14/07,104.85
11/15/07,105.25
11/16/07,105.26
11/19/07,106.07
11/20/07,105.40
11/21/07,106.14
11/23/07,105.61
11/26/07,107.36
11/27/07,106.44
11/28/07,105.70
11/29/07,106.10
11/30/07,106.62
12/03/07,106.20
12/04/07,106.25
12/05/07,105.85
12/06/07,105.07
12/07/07,104.17
12/10/07,104.24
12/11/07,105.25
12/12/07,104.92
12/13/07,104.32
12/14/07,103.14
12/17/07,104.15
12/18/07,104.46
12/19/07,105.28
12/20/07,104.77
12/21/07,104.66
12/24/07,104.13
12/26/07,104.16
12/27/07,104.31
12/28/07,104.64
12/31/07,104.84
01/02/08,106.08
01/03/08,105.73
01/04/08,106.60
01/07/08,106.47
01/08/08,106.27
01/09/08,106.05
01/10/08,105.74
01/11/08,106.51
01/14/08,106.07
01/15/08,106.64
01/16/08,106.48
01/17/08,106.98
01/18/08,106.80
01/22/08,107.03
01/23/08,107.17
01/24/08,106.26
01/25/08,107.41
01/28/08,107.38
01/29/08,107.20
01/30/08,107.18
01/31/08,107.53
02/01/08,107.49
02/04/08,107.20
02/05/08,107.57
02/06/08,106.99
02/07/08,105.76
02/08/08,106.16
02/11/08,106.48
02/12/08,106.33
02/13/08,105.26
02/14/08,105.03
02/15/08,105.37
02/19/08,104.33
02/20/08,104.56
02/21/08,105.28
02/22/08,104.87
02/25/08,104.20
02/26/08,104.95
02/27/08,104.85
02/28/08,105.61
02/29/08,106.28
03/03/08,105.83
03/04/08,105.21
03/05/08,104.47
03/06/08,104.33
03/07/08,104.11
03/10/08,104.09
03/11/08,102.90
03/12/08,104.14
03/13/08,103.01
03/14/08,102.95
03/17/08,103.79
03/18/08,103.60
03/19/08,104.05
03/20/08,104.60
03/24/08,104.40
03/25/08,104.87
03/26/08,105.00
03/27/08,104.36
03/28/08,104.92
03/31/08,105.20
04/01/08,104.52
04/02/08,104.70
04/03/08,104.75
04/04/08,106.02
04/07/08,106.14
04/08/08,105.76
04/09/08,105.45
04/10/08,105.55
04/11/08,105.65
04/14/08,105.00
04/15/08,104.78
04/16/08,104.18
04/17/08,104.45
04/18/08,104.91
04/21/08,104.57
04/22/08,104.34
04/23/08,104.66
04/24/08,104.52
04/25/08,104.57
04/28/08,105.07
04/29/08,105.40
04/30/08,105.99
05/01/08,106.15
05/02/08,105.53
05/05/08,105.68
05/06/08,105.00
05/07/08,105.28
05/08/08,105.75
05/09/08,105.75
05/12/08,105.65
05/13/08,105.05
05/14/08,105.11
05/15/08,105.81
05/16/08,105.67
05/19/08,105.69
05/20/08,105.73
05/21/08,105.27
05/22/08,104.11
05/23/08,104.59
05/27/08,103.96
05/28/08,103.30
05/29/08,102.79
05/30/08,103.20
06/02/08,103.08
06/03/08,103.48
06/04/08,103.16
06/05/08,102.61
06/06/08,103.12
06/09/08,103.03
06/10/08,102.44
06/11/08,102.40
06/12/08,101.53
06/13/08,101.00
06/16/08,101.36
06/17/08,101.69
06/18/08,102.20
06/19/08,101.67
06/20/08,101.73
06/23/08,101.69
06/24/08,101.63
06/25/08,101.71
06/26/08,101.79
06/27/08,101.69
06/30/08,101.40
07/01/08,100.92
07/02/08,100.85
07/03/08,100.72
07/07/08,101.19
07/08/08,101.74
07/09/08,101.81
07/10/08,101.23
07/11/08,100.45
07/14/08,100.50
07/15/08,100.48
07/16/08,99.69
07/17/08,99.35
07/18/08,99.17
07/21/08,99.28
07/22/08,99.92
07/23/08,99.57
07/24/08,100.45
07/25/08,99.92
07/28/08,100.50
07/29/08,100.25
07/30/08,100.73
07/31/08,101.36
08/01/08,100.53
08/04/08,100.54
08/05/08,100.10
08/06/08,100.25
08/07/08,101.08
08/08/08,101.18
08/11/08,100.72
08/12/08,101.33
08/13/08,100.80
08/14/08,101.09
08/15/08,101.32
08/18/08,101.36
08/19/08,101.20
08/20/08,101.21
08/21/08,100.61
08/22/08,100.65
08/25/08,101.30
08/26/08,101.42
08/27/08,101.26
08/28/08,101.24
08/29/08,101.04
09/02/08,100.98
09/03/08,101.18
09/04/08,101.21
09/05/08,101.11
09/08/08,101.28
09/09/08,101.63
09/10/08,101.59
09/11/08,100.80
09/12/08,100.03
09/15/08,99.29
09/16/08,92.99
09/17/08,88.73
09/18/08,89.94
09/19/08,92.75
09/22/08,93.30
09/23/08,92.34
09/24/08,92.10
09/25/08,92.50
09/26/08,90.00
09/29/08,81.80
09/30/08,89.79
10/01/08,90.21
10/02/08,88.90
10/03/08,88.86
10/06/08,87.83
10/07/08,89.47
10/08/08,88.83
10/09/08,86.47
10/10/08,81.70
10/13/08,86.20
10/14/08,84.85
10/15/08,84.85
10/16/08,85.74
10/17/08,85.01
10/20/08,87.60
10/21/08,88.47
10/22/08,87.45
10/23/08,88.00
10/24/08,88.35
10/27/08,87.78
10/28/08,87.20
10/29/08,88.67
10/30/08,88.01
10/31/08,87.65
11/03/08,87.93
11/04/08,88.53
11/05/08,90.25
11/06/08,90.87
11/07/08,90.23
11/10/08,90.27
11/11/08,90.56
11/12/08,90.54
11/13/08,89.92
11/14/08,89.90
11/17/08,90.55
11/18/08,90.66
11/19/08,90.80
11/20/08,89.81
11/21/08,90.85
11/24/08,90.45
11/25/08,90.88
11/26/08,90.40
11/28/08,90.14
12/01/08,91.09
12/02/08,91.78
12/03/08,92.42
12/04/08,92.51
12/05/08,91.88
12/08/08,92.83
12/09/08,93.46
12/10/08,93.68
12/11/08,94.00
12/12/08,94.51
12/15/08,94.48
12/16/08,96.42
12/17/08,97.85
12/18/08,100.22
12/19/08,98.73
12/22/08,99.92
12/23/08,100.25
12/24/08,100.50
12/26/08,100.69
12/29/08,100.58
12/30/08,101.46
12/31/08,101.65
01/02/09,100.61
01/05/09,101.30
01/06/09,101.47
01/07/09,100.62
01/08/09,101.34
01/09/09,102.60
01/12/09,102.07
01/13/09,101.85
01/14/09,101.40
01/15/09,101.60
01/16/09,101.60
01/20/09,100.10
01/21/09,99.60
01/22/09,99.23
01/23/09,98.57
01/26/09,97.69
01/27/09,99.53
01/28/09,100.32
01/29/09,99.12
01/30/09,99.82
02/02/09,98.85
02/03/09,98.52
02/04/09,98.56
02/05/09,97.70
02/06/09,98.28
02/09/09,98.46
02/10/09,98.94
02/11/09,99.28
02/12/09,99.36
02/13/09,98.60
02/17/09,99.14
02/18/09,98.65
02/19/09,97.84
02/20/09,97.43
02/23/09,97.10
02/24/09,96.75
02/25/09,95.43
02/26/09,94.82
02/27/09,94.16
03/02/09,93.69
03/03/09,93.18
03/04/09,93.15
03/05/09,92.90
03/06/09,93.10
03/09/09,90.54
03/10/09,91.85
03/11/09,91.88
03/12/09,91.80
03/13/09,92.65
03/16/09,92.78
03/17/09,92.53
03/18/09,94.50
03/19/09,94.70
03/20/09,93.74
03/23/09,94.03
03/24/09,93.10
03/25/09,92.65
03/26/09,93.13
03/27/09,93.42
03/30/09,93.35
03/31/09,94.12
04/01/09,93.46
04/02/09,93.49
04/03/09,92.91
04/06/09,92.86
04/07/09,92.82
04/08/09,93.75
04/09/09,94.38
04/13/09,95.29
04/14/09,95.54
04/15/09,96.28
04/16/09,96.69
04/17/09,96.57
04/20/09,96.04
04/21/09,96.34
04/22/09,96.10
04/23/09,96.02
04/24/09,96.23
04/27/09,96.11
04/28/09,95.80
04/29/09,96.26
04/30/09,96.20
05/01/09,95.97
05/04/09,96.20
05/05/09,96.51
05/06/09,96.94
05/07/09,96.01
05/08/09,96.62
05/11/09,96.91
05/12/09,97.18
05/13/09,97.00
05/14/09,97.22
05/15/09,97.20
05/18/09,97.06
05/19/09,97.45
05/20/09,98.01
05/21/09,97.01
05/22/09,96.88
05/26/09,96.84
05/27/09,96.17
05/28/09,96.53
05/29/09,97.95
06/01/09,97.43
06/02/09,98.15
06/03/09,98.65
06/04/09,98.22
06/05/09,97.70
06/08/09,97.50
06/09/09,98.24
06/10/09,97.95
06/11/09,98.29
06/12/09,99.02
06/15/09,99.05
06/16/09,98.99
06/17/09,99.11
06/18/09,97.85
06/19/09,98.59
06/22/09,98.95
06/23/09,99.75
06/24/09,99.59
06/25/09,100.37
06/26/09,100.42
06/29/09,100.31
06/30/09,100.28
07/01/09,99.70
07/02/09,99.71
07/06/09,99.95
07/07/09,99.55
07/08/09,100.46
07/09/09,100.50
07/10/09,100.90
07/13/09,100.84
07/14/09,100.62
07/15/09,99.69
07/16/09,100.38
07/17/09,100.07
07/20/09,100.48
07/21/09,101.90
07/22/09,101.63
07/23/09,101.46
07/24/09,101.74
07/27/09,101.51
07/28/09,101.90
07/29/09,102.54
07/30/09,103.10
07/31/09,104.46
08/03/09,103.00
08/04/09,102.48
08/05/09,102.50
08/06/09,102.22
08/07/09,102.20
08/10/09,102.52
08/11/09,103.05
08/12/09,102.15
08/13/09,103.14
08/14/09,103.12
08/17/09,103.29
08/18/09,103.03
08/19/09,103.36
08/20/09,103.85
08/21/09,103.38
08/24/09,103.91
08/25/09,104.09
08/26/09,104.78
08/27/09,104.30
08/28/09,104.82
08/31/09,105.33
09/01/09,104.31
09/02/09,104.62
09/03/09,104.80
09/04/09,104.87
09/08/09,104.60
09/09/09,104.57
09/10/09,105.26
09/11/09,106.21
09/14/09,105.67
09/15/09,105.61
09/16/09,105.94
09/17/09,106.46
09/18/09,105.79
09/21/09,106.04
09/22/09,106.29
09/23/09,106.34
09/24/09,106.51
09/25/09,106.92
09/28/09,107.19
09/29/09,106.77
09/30/09,106.68
10/01/09,105.12
10/02/09,104.44
10/05/09,105.00
10/06/09,104.78
10/07/09,105.45
10/08/09,104.86
10/09/09,103.94
10/12/09,104.30
10/13/09,104.50
10/14/09,104.00
10/15/09,103.98
10/16/09,104.06
10/19/09,104.59
10/20/09,105.26
10/21/09,104.82
10/22/09,105.44
10/23/09,104.86
10/26/09,104.42
10/27/09,105.32
10/28/09,104.61
10/29/09,104.74
10/30/09,105.68
11/02/09,105.04
11/03/09,104.56
11/04/09,104.97
11/05/09,105.04
11/06/09,105.32
11/09/09,105.38
11/10/09,105.31
11/11/09,105.70
11/12/09,105.70
11/13/09,106.01
11/16/09,106.51
11/17/09,106.67
11/18/09,106.32
11/19/09,106.45
11/20/09,105.95
11/23/09,105.95
11/24/09,106.36
11/25/09,106.75
11/27/09,106.72
11/30/09,107.25
12/01/09,106.26
12/02/09,106.28
12/03/09,106.25
12/04/09,105.81
12/07/09,105.76
12/08/09,106.21
12/09/09,105.60
12/10/09,105.69
12/11/09,105.19
12/14/09,105.77
12/15/09,105.01
12/16/09,105.41
12/17/09,105.86
12/18/09,105.69
12/21/09,105.18
12/22/09,104.74
12/23/09,105.07
12/24/09,104.58
12/28/09,104.30
12/29/09,104.18
12/30/09,104.30
12/31/09,104.15
01/04/10,104.70
01/05/10,105.20
01/06/10,104.89
01/07/10,105.02
01/08/10,105.25
01/11/10,105.36
01/12/10,105.56
01/13/10,105.12
01/14/10,105.50
01/15/10,105.46
01/19/10,105.55
01/20/10,105.48
01/21/10,105.76
01/22/10,105.60
01/25/10,105.59
01/26/10,105.31
01/27/10,104.93
01/28/10,104.78
01/29/10,105.45
02/01/10,104.53
02/02/10,104.86
02/03/10,104.75
02/04/10,104.74
02/05/10,104.42
02/08/10,104.52
02/09/10,104.28
02/10/10,103.47
02/11/10,103.71
02/12/10,103.83
02/16/10,104.24
02/17/10,103.89
02/18/10,103.82
02/19/10,104.19
02/22/10,104.25
02/23/10,104.50
02/24/10,104.95
02/25/10,104.84
02/26/10,105.53
03/01/10,105.22
03/02/10,105.44
03/03/10,105.66
03/04/10,105.71
03/05/10,105.58
03/08/10,105.75
03/09/10,105.65
03/10/10,105.75
03/11/10,105.71
03/12/10,105.93
03/15/10,105.91
03/16/10,106.40
03/17/10,106.79
03/18/10,106.58
03/19/10,106.50
03/22/10,106.67
03/23/10,106.60
03/24/10,105.81
03/25/10,105.43
03/26/10,105.75
03/29/10,105.66
03/30/10,105.72
03/31/10,105.77
04/01/10,105.53
04/05/10,104.56
04/06/10,104.81
04/07/10,105.34
04/08/10,105.14
04/09/10,105.21
04/12/10,105.51
04/13/10,105.89
04/14/10,105.80
04/15/10,105.98
04/16/10,106.23
04/19/10,105.96
04/20/10,106.19
04/21/10,106.56
04/22/10,106.32
04/23/10,106.30
04/26/10,106.35
04/27/10,106.42
04/28/10,106.60
04/29/10,106.87
04/30/10,107.31
05/03/10,106.89
05/04/10,107.02
05/05/10,106.56
05/06/10,104.80
05/07/10,105.14
05/10/10,105.80
05/11/10,105.91
05/12/10,105.87
05/13/10,106.18
05/14/10,106.15
05/17/10,106.33
05/18/10,106.67
05/19/10,106.73
05/20/10,106.49
05/21/10,106.31
05/24/10,106.59
05/25/10,106.08
05/26/10,106.15
05/27/10,105.60
05/28/10,105.46
06/01/10,104.93
06/02/10,105.30
06/03/10,104.96
06/04/10,105.60
06/07/10,106.05
06/08/10,106.04
06/09/10,106.08
06/10/10,105.64
06/11/10,106.03
06/14/10,105.83
06/15/10,105.70
06/16/10,105.81
06/17/10,106.51
06/18/10,106.50
06/21/10,106.77
06/22/10,107.29
06/23/10,107.74
06/24/10,107.31
06/25/10,107.49
06/28/10,108.08
06/29/10,108.03
06/30/10,108.46
07/01/10,108.14
07/02/10,107.83
07/06/10,108.28
07/07/10,108.35
07/08/10,108.08
07/09/10,107.95
07/12/10,108.08
07/13/10,108.14
07/14/10,108.62
07/15/10,108.81
07/16/10,109.00
07/19/10,108.98
07/20/10,109.10
07/21/10,109.63
07/22/10,109.49
07/23/10,109.63
07/26/10,109.73
07/27/10,109.36
07/28/10,109.75
07/29/10,109.79
07/30/10,110.30
08/02/10,109.63
08/03/10,109.90
08/04/10,109.56
08/05/10,109.76
08/06/10,110.39
08/09/10,110.75
08/10/10,110.61
08/11/10,110.60
08/12/10,110.21
08/13/10,110.64
08/16/10,111.86
08/17/10,111.68
08/18/10,111.78
08/19/10,111.90
08/20/10,112.10
08/23/10,112.34
08/24/10,112.60
08/25/10,112.81
08/26/10,112.91
08/27/10,111.89
08/30/10,112.62
08/31/10,113.00
09/01/10,111.73
09/02/10,111.59
09/03/10,110.75
09/07/10,111.57
09/08/10,111.35
09/09/10,110.77
09/10/10,110.85
09/13/10,111.00
09/14/10,111.52
09/15/10,111.34
09/16/10,110.99
09/17/10,111.35
09/20/10,111.49
09/21/10,112.34
09/22/10,112.27
09/23/10,112.35
09/24/10,112.10
09/27/10,112.68
09/28/10,112.88
09/29/10,112.77
09/30/10,113.09
10/01/10,112.11
10/04/10,112.29
10/05/10,112.52
10/06/10,113.25
10/07/10,113.22
10/08/10,113.11
10/11/10,113.21
10/12/10,113.04
10/13/10,112.98
10/14/10,112.07
10/15/10,111.36
10/18/10,112.13
10/19/10,112.14
10/20/10,112.34
10/21/10,112.04
10/22/10,112.18
10/25/10,112.58
10/26/10,111.98
10/27/10,111.69
10/28/10,112.14
10/29/10,112.36
11/01/10,111.89
11/02/10,112.41
11/03/10,112.04
11/04/10,113.10
11/05/10,112.74
11/08/10,112.80
11/09/10,111.96
11/10/10,111.72
11/11/10,111.23
11/12/10,110.45
11/15/10,109.24
11/16/10,109.82
11/17/10,109.82
11/18/10,109.90
11/19/10,110.28
11/22/10,110.89
11/23/10,110.95
11/24/10,110.04
11/26/10,110.18
11/29/10,110.29
11/30/10,110.12
12/01/10,109.45
12/02/10,109.21
12/03/10,108.90
12/06/10,109.66
12/07/10,108.64
12/08/10,107.94
12/09/10,108.20
12/10/10,107.70
12/13/10,108.10
12/14/10,107.44
12/15/10,106.77
12/16/10,107.29
12/17/10,108.27
12/20/10,108.20
12/21/10,108.43
12/22/10,108.34
12/23/10,108.39
12/27/10,108.60
12/28/10,107.31
12/29/10,108.12
12/30/10,108.17
12/31/10,108.44
01/03/11,108.86
01/04/11,109.00
01/05/11,108.20
01/06/11,108.37
01/07/11,108.91
01/10/11,109.10
01/11/11,109.05
01/12/11,108.98
01/13/11,109.45
01/14/11,108.93
01/18/11,108.87
01/19/11,108.79
01/20/11,108.32
01/21/11,108.48
01/24/11,108.53
01/25/11,109.07
01/26/11,108.46
01/27/11,108.64
01/28/11,108.78
01/31/11,108.48
02/01/11,107.91
02/02/11,107.70
02/03/11,107.44
02/04/11,107.11
02/07/11,107.23
02/08/11,106.84
02/09/11,107.53
02/10/11,107.00
02/11/11,107.59
02/14/11,107.66
02/15/11,107.90
02/16/11,107.77
02/17/11,107.97
02/18/11,108.13
02/22/11,108.43
02/23/11,108.30
02/24/11,108.42
02/25/11,108.93
02/28/11,109.22
03/01/11,108.79
03/02/11,108.21
03/03/11,107.75
03/04/11,108.16
03/07/11,107.89
03/08/11,107.75
03/09/11,108.31
03/10/11,108.75
03/11/11,108.65
03/14/11,108.77
03/15/11,108.76
03/16/11,109.41
03/17/11,109.34
03/18/11,109.41
03/21/11,109.06
03/22/11,109.26
03/23/11,109.19
03/24/11,108.83
03/25/11,108.67
03/28/11,108.71
03/29/11,108.18
03/30/11,108.55
03/31/11,108.20
04/01/11,108.28
04/04/11,108.53
04/05/11,108.59
04/06/11,108.24
04/07/11,108.08
04/08/11,108.02
04/11/11,108.03
04/12/11,108.41
04/13/11,108.60
04/14/11,108.33
04/15/11,108.90
04/18/11,109.05
04/19/11,109.28
04/20/11,109.33
04/21/11,109.43
04/25/11,109.54
04/26/11,110.05
04/27/11,109.91
04/28/11,110.26
04/29/11,110.47
05/02/11,110.30
05/03/11,110.25
05/04/11,110.41
05/05/11,110.79
05/06/11,110.79
05/09/11,110.90
05/10/11,110.45
05/11/11,110.63
05/12/11,110.37
05/13/11,110.70
05/16/11,111.02
05/17/11,111.17
05/18/11,110.89
05/19/11,111.08
05/20/11,111.00
05/23/11,110.93
05/24/11,111.07
05/25/11,110.85
05/26/11,111.33
05/27/11,111.45
05/31/11,111.44
06/01/11,111.57
06/02/11,110.56
06/03/11,110.80
06/06/11,110.61
06/07/11,110.99
06/08/11,111.06
06/09/11,110.76
06/10/11,110.63
06/13/11,110.75
06/14/11,110.42
06/15/11,111.03
06/16/11,110.82
06/17/11,110.86
06/20/11,110.88
06/21/11,110.85
06/22/11,111.00
06/23/11,111.29
06/24/11,111.35
06/27/11,110.99
06/28/11,110.22
06/29/11,109.97
06/30/11,110.13
07/01/11,109.71
07/05/11,110.10
07/06/11,110.33
07/07/11,110.36
07/08/11,111.07
07/11/11,111.44
07/12/11,111.53
07/13/11,111.81
07/14/11,111.12
07/15/11,111.37
07/18/11,110.94
07/19/11,111.48
07/20/11,111.22
07/21/11,111.05
07/22/11,111.50
07/25/11,110.97
07/26/11,111.46
07/27/11,111.13
07/28/11,111.37
07/29/11,112.37
08/01/11,112.28
08/02/11,113.22
08/03/11,113.18
08/04/11,114.00
08/05/11,112.59
08/08/11,111.52
08/09/11,112.52
08/10/11,113.53
08/11/11,111.20
08/12/11,112.47
08/15/11,112.68
08/16/11,113.09
08/17/11,113.40
08/18/11,113.55
08/19/11,113.41
08/22/11,112.99
08/23/11,111.70
08/24/11,110.38
08/25/11,110.99
08/26/11,111.04
08/29/11,111.40
08/30/11,111.99
08/31/11,112.33
09/01/11,112.00
09/02/11,112.69
09/06/11,113.35
09/07/11,113.57
09/08/11,113.47
09/09/11,113.59
09/12/11,112.90
09/13/11,112.88
09/14/11,112.83
09/15/11,112.44
09/16/11,112.44
09/19/11,113.06
09/20/11,113.11
09/21/11,113.37
09/22/11,113.59
09/23/11,112.89
09/26/11,112.68
09/27/11,112.32
09/28/11,111.87
09/29/11,111.75
09/30/11,112.31
10/03/11,112.10
10/04/11,111.12
10/05/11,111.58
10/06/11,111.13
10/07/11,111.03
10/10/11,111.24
10/11/11,111.54
10/12/11,111.71
10/13/11,111.81
10/14/11,111.74
10/17/11,111.66
10/18/11,112.05
10/19/11,112.34
10/20/11,112.59
10/21/11,112.96
10/24/11,113.54
10/25/11,114.10
10/26/11,114.02
10/27/11,114.00
10/28/11,114.44
10/31/11,114.70
11/01/11,114.87
11/02/11,115.29
11/03/11,115.35
11/04/11,115.58
11/07/11,115.12
11/08/11,114.41
11/09/11,114.11
11/10/11,113.54
11/11/11,113.34
11/14/11,113.33
11/15/11,113.22
11/16/11,112.86
11/17/11,111.97
11/18/11,112.15
11/21/11,111.69
11/22/11,111.40
11/23/11,110.83
11/25/11,110.39
11/28/11,110.44
11/29/11,110.19
11/30/11,110.69
12/01/11,110.56
12/02/11,111.50
12/05/11,112.33
12/06/11,111.73
12/07/11,112.43
12/08/11,112.05
12/09/11,111.62
12/12/11,111.63
12/13/11,112.01
12/14/11,112.20
12/15/11,112.38
12/16/11,113.01
12/19/11,113.41
12/20/11,113.33
12/21/11,112.85
12/22/11,113.44
12/23/11,113.09
12/27/11,113.13
12/28/11,113.34
12/29/11,113.28
12/30/11,113.76
01/03/12,113.67
01/04/12,113.76
01/05/12,113.27
01/06/12,113.71
01/09/12,113.54
01/10/12,113.86
01/11/12,113.84
01/12/12,114.10
01/13/12,114.51
01/17/12,114.86
01/18/12,114.63
01/19/12,114.60
01/20/12,114.31
01/23/12,114.14
01/24/12,114.55
01/25/12,114.94
01/26/12,115.84
01/27/12,116.01
01/30/12,115.86
01/31/12,116.20
02/01/12,116.27
02/02/12,116.51
02/03/12,116.34
02/06/12,116.64
02/07/12,116.42
02/08/12,116.54
02/09/12,116.17
02/10/12,116.06
02/13/12,116.46
02/14/12,116.55
02/15/12,116.39
02/16/12,116.19
02/17/12,116.01
02/21/12,115.82
02/22/12,116.54
02/23/12,116.70
02/24/12,116.79
02/27/12,117.22
02/28/12,117.59
02/29/12,117.70
03/01/12,117.02
03/02/12,117.06
03/05/12,116.85
03/06/12,116.67
03/07/12,116.62
03/08/12,116.64
03/09/12,116.58
03/12/12,116.35
03/13/12,116.03
03/14/12,114.65
03/15/12,114.40
03/16/12,114.57
03/19/12,114.41
03/20/12,114.34
03/21/12,114.86
03/22/12,114.67
03/23/12,114.76
03/26/12,115.01
03/27/12,115.90
03/28/12,115.68
03/29/12,115.91
03/30/12,115.63
04/02/12,115.53
04/03/12,114.43
04/04/12,114.65
04/05/12,114.84
04/09/12,115.59
04/10/12,115.52
04/11/12,115.40
04/12/12,115.45
04/13/12,116.00
04/16/12,116.00
04/17/12,116.15
04/18/12,116.13
04/19/12,116.21
04/20/12,116.18
04/23/12,116.20
04/24/12,115.99
04/25/12,116.19
04/26/12,116.38
04/27/12,116.55
04/30/12,116.48
05/01/12,115.87
05/02/12,116.25
05/03/12,116.32
05/04/12,116.45
05/07/12,116.65
05/08/12,116.94
05/09/12,116.74
05/10/12,116.50
05/11/12,116.85
05/14/12,116.88
05/15/12,116.73
05/16/12,116.79
05/17/12,115.92
05/18/12,115.47
05/21/12,115.60
05/22/12,115.29
05/23/12,115.57
05/24/12,115.59
05/25/12,115.88
05/29/12,116.05
05/30/12,116.15
05/31/12,116.97
06/01/12,117.29
06/04/12,116.40
06/05/12,116.15
06/06/12,115.81
06/07/12,116.05
06/08/12,116.48
06/11/12,116.46
06/12/12,116.12
06/13/12,116.54
06/14/12,116.40
06/15/12,116.88
06/18/12,116.83
06/19/12,116.72
06/20/12,116.77
06/21/12,116.95
06/22/12,116.86
06/25/12,117.16
06/26/12,117.28
06/27/12,117.44
06/28/12,117.62
06/29/12,117.59
07/02/12,117.82
07/03/12,117.92
07/05/12,118.22
07/06/12,118.52
07/09/12,118.60
07/10/12,118.57
07/11/12,118.77
07/12/12,119.37
07/13/12,119.41
07/16/12,119.74
07/17/12,119.74
07/18/12,120.40
07/19/12,120.61
07/20/12,120.70
07/23/12,120.31
07/24/12,120.50
07/25/12,120.73
07/26/12,120.92
07/27/12,120.35
07/30/12,120.66
07/31/12,121.28
08/01/12,120.76
08/02/12,120.84
08/03/12,120.55
08/06/12,120.71
08/07/12,120.08
08/08/12,119.74
08/09/12,119.66
08/10/12,120.00
08/13/12,119.75
08/14/12,119.21
08/15/12,118.65
08/16/12,118.30
08/17/12,118.46
08/20/12,118.79
08/21/12,118.99
08/22/12,119.67
08/23/12,119.76
08/24/12,119.89
08/27/12,120.04
08/28/12,120.21
08/29/12,119.96
08/30/12,120.00
08/31/12,120.83
09/04/12,120.16
09/05/12,120.21
09/06/12,119.68
09/07/12,119.93
09/10/12,119.92
09/11/12,120.02
09/12/12,119.78
09/13/12,120.42
09/14/12,119.70
09/17/12,120.11
09/18/12,120.48
09/19/12,120.68
09/20/12,120.58
09/21/12,120.80
09/24/12,120.98
09/25/12,121.22
09/26/12,121.56
09/27/12,121.50
09/28/12,121.77
10/01/12,121.71
10/02/12,121.75
10/03/12,121.83
10/04/12,121.73
10/05/12,121.54
10/08/12,121.86
10/09/12,121.99
10/10/12,122.21
10/11/12,122.61
10/12/12,122.75
10/15/12,123.13
10/16/12,123.05
10/17/12,122.81
10/18/12,122.58
10/19/12,122.80
10/22/12,122.51
10/23/12,122.72
10/24/12,122.39
10/25/12,122.04
10/26/12,122.64
10/31/12,123.02
11/01/12,122.48
11/02/12,122.24
11/05/12,122.30
11/06/12,121.71
11/07/12,121.96
11/08/12,121.84
11/09/12,121.54
11/12/12,121.56
11/13/12,121.61
11/14/12,121.86
11/15/12,121.62
11/16/12,121.66
11/19/12,122.04
11/20/12,121.66
11/21/12,121.75
11/23/12,121.80
11/26/12,122.00
11/27/12,122.07
11/28/12,122.05
11/29/12,122.14
11/30/12,122.13
12/03/12,121.89
12/04/12,122.00
12/05/12,122.25
12/06/12,122.23
12/07/12,121.94
12/10/12,122.05
12/11/12,121.60
12/12/12,121.23
12/13/12,121.04
12/14/12,121.13
12/17/12,120.74
12/18/12,120.44
12/19/12,120.91
12/20/12,121.03
12/21/12,121.24
12/24/12,121.16
12/26/12,120.97
12/27/12,121.36
12/28/12,121.63
12/31/12,120.99
01/02/13,121.27
01/03/13,120.61
01/04/13,120.55
01/07/13,120.75
01/08/13,120.86
01/09/13,120.82
01/10/13,120.88
01/11/13,121.10
01/14/13,120.86
01/15/13,120.76
01/16/13,120.76
01/17/13,120.55
01/18/13,120.67
01/22/13,120.67
01/23/13,120.82
01/24/13,120.65
01/25/13,120.10
01/28/13,120.00
01/29/13,119.73
01/30/13,119.33
01/31/13,119.42
02/01/13,118.74
02/04/13,119.14
02/05/13,118.90
02/06/13,119.21
02/07/13,119.25
02/08/13,119.51
02/11/13,119.45
02/12/13,119.33
02/13/13,119.05
02/14/13,119.38
02/15/13,119.33
02/19/13,119.30
02/20/13,119.50
02/21/13,119.69
02/22/13,119.77
02/25/13,120.48
02/26/13,120.33
02/27/13,120.29
02/28/13,120.33
03/01/13,120.23
03/04/13,120.14
03/05/13,119.94
03/06/13,119.59
03/07/13,119.20
03/08/13,118.78
03/11/13,118.86
03/12/13,119.10
03/13/13,118.99
03/14/13,119.04
03/15/13,119.20
03/18/13,119.49
03/19/13,119.69
03/20/13,119.34
03/21/13,119.46
03/22/13,119.47
03/25/13,119.47
03/26/13,119.55
03/27/13,119.97
03/28/13,119.90
04/01/13,119.36
04/02/13,119.35
04/03/13,119.83
04/04/13,120.47
04/05/13,120.84
04/08/13,120.95
04/09/13,121.07
04/10/13,120.75
04/11/13,120.83
04/12/13,121.43
04/15/13,121.47
04/16/13,121.25
04/17/13,121.42
04/18/13,121.53
04/19/13,121.71
04/22/13,121.75
04/23/13,121.91
04/24/13,121.96
04/25/13,121.89
04/26/13,122.33
04/29/13,122.34
04/30/13,122.13
05/01/13,122.31
05/02/13,122.31
05/03/13,121.16
05/06/13,121.14
05/07/13,121.05
05/08/13,121.16
05/09/13,120.90
05/10/13,120.27
05/13/13,119.96
05/14/13,119.64
05/15/13,120.06
05/16/13,120.61
05/17/13,120.09
05/20/13,119.95
05/21/13,120.40
05/22/13,119.45
05/23/13,119.57
05/24/13,119.49
05/28/13,118.34
05/29/13,118.29
05/30/13,118.44
05/31/13,117.85
06/03/13,117.18
06/04/13,116.72
06/05/13,116.55
06/06/13,117.05
06/07/13,116.59
06/10/13,116.23
06/11/13,116.01
06/12/13,115.61
06/13/13,116.85
06/14/13,116.77
06/17/13,116.60
06/18/13,116.37
06/19/13,114.72
06/20/13,113.14
06/21/13,112.21
06/24/13,111.48
06/25/13,111.85
06/26/13,112.70
06/27/13,113.72
06/28/13,113.65
07/01/13,113.58
07/02/13,113.94
07/03/13,113.61
07/05/13,112.17
07/08/13,113.09
07/09/13,113.19
07/10/13,112.86
07/11/13,114.19
07/12/13,113.87
07/15/13,114.60
07/16/13,114.43
07/17/13,114.86
07/18/13,114.56
07/19/13,115.19
07/22/13,115.45
07/23/13,115.27
07/24/13,114.71
07/25/13,114.57
07/26/13,114.69
07/29/13,114.50
07/30/13,114.53
07/31/13,114.54
08/01/13,113.28
08/02/13,113.84
08/05/13,113.41
08/06/13,113.48
08/07/13,113.73
08/08/13,113.97
08/09/13,113.97
08/12/13,113.91
08/13/13,113.10
08/14/13,112.91
08/15/13,112.11
08/16/13,111.55
08/19/13,110.94
08/20/13,111.62
08/21/13,110.95
08/22/13,111.46
08/23/13,112.21
08/26/13,112.44
08/27/13,112.92
08/28/13,112.94
08/29/13,113.05
08/30/13,113.05
09/03/13,112.24
09/04/13,111.83
09/05/13,110.91
09/06/13,111.07
09/09/13,111.36
09/10/13,110.87
09/11/13,111.39
09/12/13,111.31
09/13/13,111.38
09/16/13,111.51
09/17/13,111.81
09/18/13,113.45
09/19/13,112.73
09/20/13,112.83
09/23/13,113.50
09/24/13,113.79
09/25/13,114.15
09/26/13,113.86
09/27/13,113.77
09/30/13,113.52
10/01/13,113.04
10/02/13,113.38
10/03/13,113.44
10/04/13,113.33
10/07/13,113.53
10/08/13,113.51
10/09/13,113.27
10/10/13,113.43
10/11/13,113.58
10/14/13,113.23
10/15/13,113.25
10/16/13,114.09
10/17/13,114.93
10/18/13,115.08
10/21/13,114.78
10/22/13,115.48
10/23/13,115.45
10/24/13,115.33
10/25/13,115.32
10/28/13,115.43
10/29/13,115.59
10/30/13,115.36
10/31/13,115.20
11/01/13,114.51
11/04/13,114.54
11/05/13,114.05
11/06/13,114.18
11/07/13,114.41
11/08/13,113.29
11/11/13,113.10
11/12/13,113.18
11/13/13,113.44
11/14/13,114.06
11/15/13,114.06
11/18/13,114.57
11/19/13,114.17
11/20/13,113.68
11/21/13,113.90
11/22/13,114.30
11/25/13,114.50
11/26/13,114.73
11/27/13,114.75
11/29/13,114.66
12/02/13,113.75
12/03/13,114.04
12/04/13,113.67
12/05/13,113.42
12/06/13,113.66
12/09/13,113.83
12/10/13,114.29
12/11/13,113.97
12/12/13,113.78
12/13/13,114.09
12/16/13,114.18
12/17/13,114.52
12/18/13,114.52
12/19/13,114.35
12/20/13,114.88
12/23/13,114.70
12/24/13,114.67
12/26/13,114.24
12/27/13,114.14
12/30/13,114.48
12/31/13,114.19
01/02/14,114.41
01/03/14,114.58
01/06/14,114.83
01/07/14,114.74
01/08/14,114.25
01/09/14,114.51
01/10/14,115.13
01/13/14,115.35
01/14/14,115.01
01/15/14,115.04
01/16/14,115.31
01/17/14,115.44
01/21/14,115.28
01/22/14,115.00
01/23/14,115.44
01/24/14,115.36
01/27/14,115.14
01/28/14,115.70
01/29/14,115.93
01/30/14,115.99
01/31/14,116.34
02/03/14,116.74
02/04/14,116.18
02/05/14,115.81
02/06/14,115.70
02/07/14,116.06
02/10/14,116.11
02/11/14,115.87
02/12/14,115.52
02/13/14,116.00
02/14/14,116.22
02/18/14,116.46
02/19/14,116.33
02/20/14,116.18
02/21/14,116.30
02/24/14,116.36
02/25/14,116.81
02/26/14,117.19
02/27/14,117.39
02/28/14,117.32
03/03/14,117.28
03/04/14,116.65
03/05/14,116.59
03/06/14,116.24
03/07/14,115.82
03/10/14,115.64
03/11/14,115.68
03/12/14,116.09
03/13/14,116.50
03/14/14,116.37
03/17/14,116.22
03/18/14,116.58
03/19/14,115.74
03/20/14,115.90
03/21/14,116.30
03/24/14,116.52
03/25/14,116.56
03/26/14,117.01
03/27/14,117.04
03/28/14,116.95
03/31/14,116.94
04/01/14,116.31
04/02/14,116.15
04/03/14,116.37
04/04/14,116.83
04/07/14,117.11
04/08/14,117.42
04/09/14,117.52
04/10/14,117.68
04/11/14,117.76
04/14/14,117.84
04/15/14,118.09
04/16/14,118.14
04/17/14,117.46
04/21/14,117.62
04/22/14,117.68
04/23/14,117.94
04/24/14,117.96
04/25/14,117.94
04/28/14,117.80
04/29/14,117.82
04/30/14,118.15
05/01/14,118.30
05/02/14,118.55
05/05/14,118.25
05/06/14,118.45
05/07/14,118.47
05/08/14,118.50
05/09/14,118.37
05/12/14,118.07
05/13/14,118.51
05/14/14,119.10
05/15/14,119.31
05/16/14,119.17
05/19/14,119.06
05/20/14,119.06
05/21/14,118.84
05/22/14,118.80
05/23/14,118.93
05/27/14,119.35
05/28/14,119.92
05/29/14,119.57
05/30/14,119.59
06/02/14,118.59
06/03/14,118.05
06/04/14,117.99
06/05/14,118.24
06/06/14,118.49
06/09/14,118.25
06/10/14,118.03
06/11/14,118.12
06/12/14,118.50
06/13/14,118.48
06/16/14,118.47
06/17/14,118.07
06/18/14,118.75
06/19/14,118.33
06/20/14,118.56
06/23/14,118.55
06/24/14,119.05
06/25/14,119.17
06/26/14,119.39
06/27/14,119.37
06/30/14,119.26
07/01/14,118.47
07/02/14,118.05
07/03/14,117.93
07/07/14,118.14
07/08/14,118.58
07/09/14,118.77
07/10/14,118.68
07/11/14,119.05
07/14/14,118.80
07/15/14,118.67
07/16/14,118.95
07/17/14,119.40
07/18/14,119.24
07/21/14,119.24
07/22/14,119.33
07/23/14,119.47
07/24/14,119.00
07/25/14,119.46
07/28/14,119.32
07/29/14,119.43
07/30/14,118.88
07/31/14,118.55
08/01/14,118.82
08/04/14,118.85
08/05/14,118.97
08/06/14,118.76
08/07/14,119.07
08/08/14,119.04
08/11/14,119.09
08/12/14,119.03
08/13/14,119.27
08/14/14,119.40
08/15/14,119.82
08/18/14,119.55
08/19/14,119.47
08/20/14,119.20
08/21/14,119.61
08/22/14,119.76
08/25/14,119.95
08/26/14,120.03
08/27/14,120.23
08/28/14,120.49
08/29/14,120.58
09/02/14,119.67
09/03/14,119.83
09/04/14,118.98
09/05/14,119.00
09/08/14,118.80
09/09/14,118.48
09/10/14,118.29
09/11/14,118.20
09/12/14,117.63
09/15/14,117.66
09/16/14,117.64
09/17/14,117.32
09/18/14,117.53
09/19/14,117.99
09/22/14,118.10
09/23/14,118.29
09/24/14,118.01
09/25/14,118.36
09/26/14,118.10
09/29/14,118.05
09/30/14,118.22
10/01/14,118.60
10/02/14,118.59
10/03/14,118.93
10/06/14,118.99
10/07/14,119.42
10/08/14,120.03
10/09/14,119.53
10/10/14,119.63
10/13/14,119.94
10/14/14,120.21
10/15/14,120.30
10/16/14,120.03
10/17/14,119.98
10/20/14,120.20
10/21/14,120.13
10/22/14,119.93
10/23/14,119.70
10/24/14,119.75
10/27/14,119.90
10/28/14,119.50
10/29/14,119.28
10/30/14,119.36
10/31/14,119.34
11/03/14,118.77
11/04/14,118.94
11/05/14,118.72
11/06/14,118.36
11/07/14,119.11
11/10/14,118.51
11/11/14,118.50
11/12/14,118.49
11/13/14,118.36
11/14/14,118.51
11/17/14,118.23
11/18/14,118.33
11/19/14,117.70
11/20/14,118.15
11/21/14,118.66
11/24/14,118.85
11/25/14,119.36
11/26/14,119.77
11/28/14,120.09
12/01/14,119.34
12/02/14,118.54
12/03/14,118.66
12/04/14,118.85
12/05/14,118.36
12/08/14,118.92
12/09/14,119.02
12/10/14,118.98
12/11/14,118.86
12/12/14,119.05
12/15/14,119.33
12/16/14,119.29
12/17/14,119.32
12/18/14,119.44
12/19/14,119.38
12/22/14,119.76
12/23/14,118.85
12/24/14,118.91
12/26/14,119.00
12/29/14,119.23
12/30/14,119.33
12/31/14,119.41
01/02/15,119.83
01/05/15,120.32
01/06/15,120.81
01/07/15,120.97
01/08/15,120.58
01/09/15,120.90
01/12/15,121.13
01/13/15,121.24
01/14/15,121.45
01/15/15,122.08
01/16/15,121.40
01/20/15,121.68
01/21/15,121.63
01/22/15,121.57
01/23/15,122.28
01/26/15,122.25
01/27/15,122.34
01/28/15,123.17
01/29/15,122.88
01/30/15,123.89
02/02/15,123.67
02/03/15,122.67
02/04/15,122.84
02/05/15,122.45
02/06/15,121.17
02/09/15,121.25
02/10/15,120.92
02/11/15,121.00
02/12/15,121.31
02/13/15,120.83
02/17/15,120.27
02/18/15,120.70
02/19/15,120.68
02/20/15,120.86
02/23/15,121.27
02/24/15,122.06
02/25/15,122.17
02/26/15,121.51
02/27/15,121.80
03/02/15,120.42
03/03/15,120.35
03/04/15,120.27
03/05/15,120.43
03/06/15,119.15
03/09/15,119.63
03/10/15,119.82
03/11/15,120.43
03/12/15,120.31
03/13/15,119.97
03/16/15,120.09
03/17/15,120.29
03/18/15,121.77
03/19/15,121.15
03/20/15,121.49
03/23/15,121.77
03/24/15,121.95
03/25/15,121.55
03/26/15,120.80
03/27/15,121.28
03/30/15,121.49
03/31/15,121.71
04/01/15,121.73
04/02/15,121.53
04/06/15,121.69
04/07/15,122.13
04/08/15,122.09
04/09/15,121.47
04/10/15,121.64
04/13/15,121.60
04/14/15,121.88
04/15/15,121.96
04/16/15,121.89
04/17/15,122.22
04/20/15,121.93
04/21/15,121.90
04/22/15,121.11
04/23/15,121.42
04/24/15,121.65
04/27/15,121.56
04/28/15,120.84
04/29/15,119.84
04/30/15,119.94
05/01/15,118.95
05/04/15,118.57
05/05/15,118.37
05/06/15,117.86
05/07/15,118.33
05/08/15,119.01
05/11/15,117.81
05/12/15,117.64
05/13/15,117.53
05/14/15,117.93
05/15/15,118.75
05/18/15,117.84
05/19/15,117.21
05/20/15,117.35
05/21/15,117.91
05/22/15,117.83
05/26/15,118.35
05/27/15,118.47
05/28/15,118.22
05/29/15,118.27
06/01/15,117.28
06/02/15,116.68
06/03/15,115.93
06/04/15,116.53
06/05/15,115.94
06/08/15,115.86
06/09/15,115.34
06/10/15,115.03
06/11/15,116.05
06/12/15,115.85
06/15/15,115.83
06/16/15,116.12
06/17/15,116.11
06/18/15,115.90
06/19/15,116.52
06/22/15,115.60
06/23/15,115.34
06/24/15,115.66
06/25/15,115.47
06/26/15,114.94
06/29/15,115.94
06/30/15,115.72
07/01/15,115.02
07/02/15,115.46
07/06/15,115.92
07/07/15,116.40
07/08/15,116.56
07/09/15,115.79
07/10/15,115.05
07/13/15,114.80
07/14/15,114.90
07/15/15,115.20
07/16/15,115.38
07/17/15,115.46
07/20/15,115.19
07/21/15,115.43
07/22/15,115.58
07/23/15,115.92
07/24/15,115.87
07/27/15,115.88
07/28/15,115.79
07/29/15,115.69
07/30/15,115.75
07/31/15,116.35
08/03/15,116.29
08/04/15,115.70
08/05/15,115.25
08/06/15,115.47
08/07/15,115.87
08/10/15,115.41
08/11/15,115.89
08/12/15,115.71
08/13/15,115.31
08/14/15,115.42
08/17/15,115.79
08/18/15,115.35
08/19/15,115.91
08/20/15,115.98
08/21/15,116.01
08/24/15,115.69
08/25/15,115.10
08/26/15,115.03
08/27/15,115.14
08/28/15,115.35
08/31/15,115.06
09/01/15,115.42
09/02/15,115.25
09/03/15,115.80
09/04/15,116.06
09/08/15,115.52
09/09/15,115.77
09/10/15,115.54
09/11/15,115.62
09/14/15,115.61
09/15/15,114.74
09/16/15,114.95
09/17/15,115.90
09/18/15,116.25
09/21/15,115.66
09/22/15,116.16
09/23/15,116.09
09/24/15,116.11
09/25/15,115.76
09/28/15,115.96
09/29/15,116.11
09/30/15,116.09
10/01/15,115.73
10/02/15,116.24
10/05/15,115.93
10/06/15,116.16
10/07/15,116.57
10/08/15,116.11
10/09/15,116.16
10/12/15,116.63
10/13/15,116.54
10/14/15,117.00
10/15/15,116.95
10/16/15,116.99
10/19/15,116.98
10/20/15,116.76
10/21/15,117.34
10/22/15,117.59
10/23/15,117.16
10/26/15,117.37
10/27/15,117.40
10/28/15,116.94
10/29/15,116.12
10/30/15,116.42
11/02/15,115.59
11/03/15,115.60
11/04/15,115.47
11/05/15,115.50
11/06/15,114.75
11/09/15,114.56
11/10/15,114.85
11/11/15,114.84
11/12/15,114.80
11/13/15,115.14
11/16/15,115.16
11/17/15,115.28
11/18/15,115.31
11/19/15,115.65
11/20/15,115.63
11/23/15,115.67
11/24/15,115.71
11/25/15,115.82
11/27/15,115.86
11/30/15,115.91
12/01/15,116.45
12/02/15,116.17
12/03/15,114.63
12/04/15,115.25
12/07/15,115.45
12/08/15,115.30
12/09/15,115.27
12/10/15,115.00
12/11/15,115.20
12/14/15,114.35
12/15/15,114.36
12/16/15,114.34
12/17/15,114.47
12/18/15,114.47
12/21/15,114.55
12/22/15,114.40
12/23/15,114.50
12/24/15,114.55
12/28/15,114.41
12/29/15,113.82
12/30/15,113.82
12/31/15,114.01
01/04/16,113.95
01/05/16,114.01
01/06/16,114.46
01/07/16,114.55
01/08/16,114.64
01/11/16,114.27
01/12/16,114.53
01/13/16,114.88
01/14/16,114.31
01/15/16,114.14
01/19/16,113.63
01/20/16,113.80
01/21/16,113.47
01/22/16,113.54
01/25/16,113.42
01/26/16,113.74
01/27/16,113.43
01/28/16,113.56
01/29/16,114.15
02/01/16,113.45
02/02/16,113.66
02/03/16,113.38
02/04/16,113.43
02/05/16,113.41
02/08/16,114.00
02/09/16,113.61
02/10/16,113.75
02/11/16,114.13
02/12/16,113.49
02/16/16,112.95
02/17/16,112.92
02/18/16,113.84
02/19/16,113.76
02/22/16,113.99
02/23/16,114.22
02/24/16,114.33
02/25/16,114.97
02/26/16,114.93
02/29/16,115.01
03/01/16,114.05
03/02/16,114.28
03/03/16,114.82
03/04/16,114.80
03/07/16,114.93
03/08/16,115.54
03/09/16,115.41
03/10/16,115.89
03/11/16,116.22
03/14/16,116.56
03/15/16,116.52
03/16/16,117.08
03/17/16,117.44
03/18/16,117.71
03/21/16,117.57
03/22/16,117.35
03/23/16,117.94
03/24/16,117.89
03/28/16,117.96
03/29/16,118.49
03/30/16,118.35
03/31/16,118.82
04/01/16,118.87
04/04/16,118.88
04/05/16,119.26
04/06/16,119.16
04/07/16,119.48
04/08/16,119.21
04/11/16,119.20
04/12/16,118.73
04/13/16,119.14
04/14/16,119.06
04/15/16,119.56
04/18/16,119.69
04/19/16,119.91
04/20/16,119.58
04/21/16,119.53
04/22/16,119.66
04/25/16,119.38
04/26/16,119.33
04/27/16,120.09
04/28/16,120.20
04/29/16,120.33
05/02/16,119.85
05/03/16,120.06
05/04/16,119.86
05/05/16,120.10
05/06/16,119.84
05/09/16,119.72
05/10/16,119.92
05/11/16,120.05
05/12/16,119.80
05/13/16,120.02
05/16/16,119.62
05/17/16,119.58
05/18/16,118.56
05/19/16,118.84
05/20/16,118.92
05/23/16,118.92
05/24/16,118.72
05/25/16,118.93
05/26/16,119.27
05/27/16,119.18
05/31/16,119.39
06/01/16,119.14
06/02/16,119.38
06/03/16,120.34
06/06/16,120.05
06/07/16,120.23
06/08/16,120.63
06/09/16,120.80
06/10/16,120.94
06/13/16,120.76
06/14/16,120.49
06/15/16,120.94
06/16/16,121.12
06/17/16,120.76
06/20/16,120.61
06/21/16,120.50
06/22/16,120.72
06/23/16,120.60
06/24/16,121.17
06/27/16,121.68
06/28/16,122.35
06/29/16,122.31
06/30/16,122.74
07/01/16,123.05
07/05/16,123.47
07/06/16,123.69
07/07/16,123.71
07/08/16,124.40
07/11/16,124.08
07/12/16,123.38
07/13/16,123.86
07/14/16,123.56
07/15/16,123.09
07/18/16,123.09
07/19/16,123.31
07/20/16,123.27
07/21/16,123.41
07/22/16,123.34
07/25/16,123.27
07/26/16,123.15
07/27/16,123.66
07/28/16,123.54
07/29/16,123.99
08/01/16,122.97
08/02/16,122.28
08/03/16,122.44
08/04/16,122.96
08/05/16,122.46
08/08/16,122.54
08/09/16,123.26
08/10/16,123.61
08/11/16,123.20
08/12/16,123.76
08/15/16,123.38
08/16/16,123.16
08/17/16,123.50
08/18/16,123.80
08/19/16,123.43
08/22/16,123.85
08/23/16,123.99
08/24/16,123.91
08/25/16,123.79
08/26/16,123.40
08/29/16,124.10
08/30/16,123.94
08/31/16,123.89
09/01/16,123.57
09/02/16,123.35
09/06/16,123.78
09/07/16,123.61
09/08/16,122.74
09/09/16,121.82
09/12/16,121.83
09/13/16,121.43
09/14/16,121.51
09/15/16,121.59
09/16/16,121.73
09/19/16,121.69
09/20/16,121.85
09/21/16,122.47
09/22/16,122.97
09/23/16,122.88
09/26/16,123.07
09/27/16,123.37
09/28/16,123.45
09/29/16,123.40
09/30/16,123.18
10/03/16,122.51
10/04/16,121.94
10/05/16,121.81
10/06/16,121.82
10/07/16,122.11
10/10/16,122.11
10/11/16,121.73
10/12/16,121.89
10/13/16,122.19
10/14/16,121.62
10/17/16,122.02
10/18/16,122.32
10/19/16,122.48
10/20/16,122.44
10/21/16,122.51
10/24/16,122.16
10/25/16,122.07
10/26/16,121.56
10/27/16,121.01
10/28/16,120.87
10/31/16,120.98
11/01/16,120.51
11/02/16,120.69
11/03/16,120.45
11/04/16,120.81
11/07/16,120.73
11/08/16,120.46
11/09/16,118.69
11/10/16,118.59
11/11/16,118.08
11/14/16,117.47
11/15/16,117.83
11/16/16,118.00
11/17/16,117.25
11/18/16,116.59
11/21/16,116.71
11/22/16,117.01
11/23/16,116.58
11/25/16,116.59
11/28/16,117.12
11/29/16,117.28
11/30/16,116.84
12/01/16,115.87
12/02/16,116.40
12/05/16,116.65
12/06/16,116.64
12/07/16,117.13
12/08/16,116.65
12/09/16,116.20
12/12/16,116.09
12/13/16,116.35
12/14/16,115.61
12/15/16,115.69
12/16/16,115.60
12/19/16,116.16
12/20/16,116.09
12/21/16,116.46
12/22/16,116.15
12/23/16,116.33
12/27/16,116.12
12/28/16,116.55
12/29/16,117.00
12/30/16,117.18
01/03/17,117.28
01/04/17,117.68
01/05/17,118.31
01/06/17,117.69
01/09/17,117.92
01/10/17,117.85
01/11/17,118.03
01/12/17,118.02
01/13/17,117.78
01/17/17,118.29
01/18/17,117.51
01/19/17,117.11
01/20/17,117.32
01/23/17,117.86
01/24/17,117.51
01/25/17,117.06
01/26/17,117.20
01/27/17,117.34
01/30/17,117.14
01/31/17,117.35
02/01/17,116.89
02/02/17,116.92
02/03/17,117.05
02/06/17,117.42
02/07/17,117.62
02/08/17,118.03
02/09/17,117.56
02/10/17,117.53
02/13/17,117.48
02/14/17,117.20
02/15/17,117.11
02/16/17,117.44
02/17/17,117.74
02/21/17,117.79
02/22/17,117.88
02/23/17,118.18
02/24/17,118.78
02/27/17,118.50
02/28/17,118.58
03/01/17,117.56
03/02/17,117.38
03/03/17,117.50
03/06/17,117.29
03/07/17,116.71
03/08/17,116.35
03/09/17,115.72
03/10/17,116.01
03/13/17,115.62
03/14/17,115.72
03/15/17,116.72
03/16/17,116.55
03/17/17,116.82
03/20/17,117.10
03/21/17,117.38
03/22/17,117.68
03/23/17,117.60
03/24/17,117.72
03/27/17,117.97
03/28/17,117.72
03/29/17,118.10
03/30/17,117.79
03/31/17,117.91
04/03/17,118.12
04/04/17,117.81
04/05/17,117.96
04/06/17,118.07
04/07/17,117.78
04/10/17,118.00
04/11/17,118.55
04/12/17,118.94
04/13/17,119.14
04/17/17,118.91
04/18/17,119.61
04/19/17,119.25
04/20/17,119.08
04/21/17,119.08
04/24/17,118.92
04/25/17,118.45
04/26/17,118.74
04/27/17,118.85
04/28/17,118.99
05/01/17,118.30
05/02/17,118.65
05/03/17,118.59
05/04/17,118.36
05/05/17,118.40
05/08/17,118.19
05/09/17,118.21
05/10/17,118.37
05/11/17,118.43
05/12/17,119.03
05/15/17,119.02
05/16/17,119.19
05/17/17,119.92
05/18/17,119.90
05/19/17,119.97
05/22/17,119.87
05/23/17,119.50
05/24/17,119.69
05/25/17,119.74
05/26/17,119.83
05/30/17,120.11
05/31/17,120.25
06/01/17,119.96
06/02/17,120.52
06/05/17,120.18
06/06/17,120.53
06/07/17,120.38
06/08/17,120.17
06/09/17,120.05
06/12/17,120.08
06/13/17,120.21
06/14/17,121.03
06/15/17,120.74
06/16/17,120.84
06/19/17,120.69
06/20/17,120.96
06/21/17,121.02
06/22/17,121.12
06/23/17,121.18
06/26/17,121.40
06/27/17,120.85
06/28/17,120.98
06/29/17,120.61
06/30/17,120.51
07/03/17,119.93
07/05/17,120.13
07/06/17,119.82
07/07/17,119.72
07/10/17,119.92
07/11/17,119.97
07/12/17,120.50
07/13/17,120.29
07/14/17,120.57
07/17/17,120.68
07/18/17,121.20
07/19/17,121.16
07/20/17,121.27
07/21/17,121.55
07/24/17,121.41
07/25/17,120.69
07/26/17,121.09
07/27/17,120.79
07/28/17,121.11
07/31/17,121.11
08/01/17,121.23
08/02/17,121.04
08/03/17,121.21
08/04/17,120.74
08/07/17,120.77
08/08/17,120.19
08/09/17,120.31
08/10/17,120.27
08/11/17,120.49
08/14/17,120.41
08/15/17,120.27
08/16/17,120.61
08/17/17,120.73
08/18/17,120.65
08/21/17,120.82
08/22/17,120.70
08/23/17,121.16
08/24/17,120.93
08/25/17,121.21
08/28/17,121.21
08/29/17,121.30
08/30/17,121.40
08/31/17,121.61
09/01/17,120.81
09/05/17,121.56
09/06/17,121.13
09/07/17,121.60
09/08/17,121.24
09/11/17,120.87
09/12/17,120.74
09/13/17,120.62
09/14/17,120.92
09/15/17,121.02
09/18/17,120.90
09/19/17,120.97
09/20/17,120.82
09/21/17,120.82
09/22/17,120.98
09/25/17,121.43
09/26/17,121.41
09/27/17,120.94
09/28/17,121.12
09/29/17,121.23
10/02/17,121.02
10/03/17,121.29
10/04/17,121.22
10/05/17,121.05
10/06/17,120.95
10/09/17,121.05
10/10/17,121.13
10/11/17,121.07
10/12/17,121.10
10/13/17,121.58
10/16/17,121.41
10/17/17,121.39
10/18/17,121.21
10/19/17,121.39
10/20/17,121.06
10/23/17,121.18
10/24/17,120.88
10/25/17,120.56
10/26/17,120.55
10/27/17,120.91
10/30/17,121.31
10/31/17,121.14
11/01/17,121.01
11/02/17,120.99
11/03/17,121.13
11/06/17,121.16
11/07/17,121.06
11/08/17,120.90
11/09/17,120.58
11/10/17,119.89
11/13/17,119.91
11/14/17,119.94
11/15/17,120.45
11/16/17,120.31
11/17/17,120.46
11/20/17,120.46
11/21/17,120.86
11/22/17,121.33
11/24/17,121.19
11/27/17,121.12
11/28/17,121.29
11/29/17,120.81
11/30/17,120.67
12/01/17,120.72
12/04/17,120.91
12/05/17,121.14
12/06/17,121.37
12/07/17,121.13
12/08/17,120.98
12/11/17,121.07
12/12/17,120.98
12/13/17,121.40
12/14/17,121.62
12/15/17,121.79
12/18/17,121.43
12/19/17,120.81
12/20/17,120.49
12/21/17,120.56
12/22/17,120.65
12/26/17,120.81
12/27/17,121.48
12/28/17,121.40
12/29/17,121.56
01/02/18,120.75
01/03/18,120.97
01/04/18,120.93
01/05/18,120.89
01/08/18,120.88
01/09/18,120.44
01/10/18,120.52
01/11/18,120.81
01/12/18,120.83
01/16/18,120.94
01/17/18,120.61
01/18/18,120.14
01/19/18,119.77
01/22/18,119.66
01/23/18,120.18
01/24/18,120.10
01/25/18,120.71
01/26/18,120.55
01/29/18,120.23
01/30/18,119.82
01/31/18,120.07
02/01/18,119.22
02/02/18,118.61
02/05/18,118.68
02/06/18,118.44
02/07/18,118.11
02/08/18,117.60
02/09/18,117.22
02/12/18,117.22
02/13/18,117.18
02/14/18,116.75
02/15/18,117.30
02/16/18,117.65
02/20/18,117.15
02/21/18,116.51
02/22/18,116.67
02/23/18,117.21
02/26/18,117.36
02/27/18,116.85
02/28/18,117.07
03/01/18,116.62
03/02/18,116.25
03/05/18,116.21
03/06/18,116.31
03/07/18,116.27
03/08/18,116.50
03/09/18,116.09
03/12/18,116.24
03/13/18,116.25
03/14/18,116.51
03/15/18,116.63
03/16/18,116.76
03/19/18,116.37
03/20/18,115.96
03/21/18,115.89
03/22/18,116.09
03/23/18,115.72
03/26/18,116.13
03/27/18,116.55
03/28/18,116.86
03/29/18,117.39
04/02/18,116.99
04/03/18,116.68
04/04/18,116.68
04/05/18,116.72
04/06/18,117.07
04/09/18,117.13
04/10/18,117.16
04/11/18,117.24
04/12/18,116.92
04/13/18,116.96
04/16/18,116.97
04/17/18,116.98
04/18/18,116.38
04/19/18,115.94
04/20/18,115.47
04/23/18,115.42
04/24/18,115.08
04/25/18,114.72
04/26/18,115.06
04/27/18,115.32
04/30/18,115.22
05/01/18,114.58
05/02/18,114.49
05/03/18,114.51
05/04/18,114.67
05/07/18,114.54
05/08/18,114.50
05/09/18,114.48
05/10/18,115.06
05/11/18,115.26
05/14/18,115.05
05/15/18,114.18
05/16/18,114.03
05/17/18,113.81
05/18/18,114.28
05/21/18,114.35
05/22/18,114.23
05/23/18,114.72
05/24/18,115.04
05/25/18,115.38
05/29/18,115.99
05/30/18,115.54
05/31/18,115.49
06/01/18,114.91
06/04/18,114.65
06/05/18,114.73
06/06/18,114.31
06/07/18,114.69
06/08/18,114.50
06/11/18,114.39
06/12/18,114.40
06/13/18,114.29
06/14/18,114.81
06/15/18,114.65
06/18/18,114.53
06/19/18,114.59
06/20/18,113.95
06/21/18,113.86
06/22/18,114.00
06/25/18,113.89
06/26/18,114.27
06/27/18,114.66
06/28/18,114.51
06/29/18,114.57
07/02/18,114.24
07/03/18,114.66
07/05/18,115.02
07/06/18,115.18
07/09/18,115.26
07/10/18,115.13
07/11/18,115.36
07/12/18,115.61
07/13/18,115.70
07/16/18,115.51
07/17/18,115.43
07/18/18,115.41
07/19/18,115.59
07/20/18,115.25
07/23/18,114.79
07/24/18,115.15
07/25/18,115.30
07/26/18,115.41
07/27/18,115.56
07/30/18,115.40
07/31/18,115.76
08/01/18,115.01
08/02/18,115.15
08/03/18,115.51
08/06/18,115.62
08/07/18,115.26
08/08/18,115.08
08/09/18,115.17
08/10/18,115.36
08/13/18,115.33
08/14/18,115.48
08/15/18,115.72
08/16/18,115.87
08/17/18,115.97
08/20/18,116.27
08/21/18,115.98
08/22/18,115.97
08/23/18,116.01
08/24/18,116.24
08/27/18,116.06
08/28/18,115.62
08/29/18,115.50
08/30/18,115.61
08/31/18,115.44
09/04/18,114.88
09/05/18,114.81
09/06/18,115.13
09/07/18,114.65
09/10/18,115.03
09/11/18,114.77
09/12/18,115.00
09/13/18,115.24
09/14/18,115.10
09/17/18,115.03
09/18/18,114.56
09/19/18,114.39
09/20/18,114.69
09/21/18,114.71
09/24/18,114.45
09/25/18,114.45
09/26/18,114.86
09/27/18,115.01
09/28/18,114.93
10/01/18,114.42
10/02/18,114.52
10/03/18,113.85
10/04/18,113.38
10/05/18,112.94
10/08/18,112.82
10/09/18,113.14
10/10/18,112.83
10/11/18,113.30
10/12/18,113.32
10/15/18,113.11
10/16/18,113.40
10/17/18,112.84
10/18/18,112.84
10/19/18,112.70
10/22/18,112.56
10/23/18,112.72
10/24/18,112.88
10/25/18,112.74
10/26/18,112.93
10/29/18,112.80
10/30/18,112.55
10/31/18,112.23
11/01/18,112.20
11/02/18,111.75
11/05/18,111.95
11/06/18,112.14
11/07/18,112.43
11/08/18,112.10
11/09/18,112.18
11/12/18,112.17
11/13/18,112.02
11/14/18,111.72
11/15/18,111.51
11/16/18,111.73
11/19/18,111.62
11/20/18,111.35
11/21/18,111.59
11/23/18,111.64
11/26/18,111.69
11/27/18,111.55
11/28/18,111.85
11/29/18,111.53
11/30/18,111.46
12/03/18,111.52
12/04/18,111.54
12/06/18,111.88
12/07/18,111.89
12/10/18,112.23
12/11/18,112.43
12/12/18,112.55
12/13/18,112.85
12/14/18,112.73
12/17/18,112.85
12/18/18,112.90
12/19/18,112.81
12/20/18,112.44
12/21/18,112.33
12/24/18,112.07
12/26/18,111.98
12/27/18,111.98
12/28/18,112.51
12/31/18,112.82
01/02/19,113.17
01/03/19,113.22
01/04/19,113.15
01/07/19,113.16
01/08/19,113.41
01/09/19,113.84
01/10/19,113.54
01/11/19,113.75
01/14/19,113.45
01/15/19,113.52
01/16/19,113.74
01/17/19,113.97
01/18/19,114.17
01/22/19,114.36
01/23/19,114.65
01/24/19,114.95
01/25/19,115.05
01/28/19,115.03
01/29/19,115.28
01/30/19,115.81
01/31/19,116.62
02/01/19,115.99
02/04/19,115.83
02/05/19,116.30
02/06/19,116.08
02/07/19,116.06
02/08/19,116.35
02/11/19,116.09
02/12/19,116.25
02/13/19,115.95
02/14/19,116.08
02/15/19,116.22
02/19/19,116.29
02/20/19,116.19
02/21/19,115.86
02/22/19,116.38
02/25/19,116.34
02/26/19,116.52
02/27/19,116.19
02/28/19,116.03
03/01/19,115.47
03/04/19,115.73
03/05/19,115.77
03/06/19,115.88
03/07/19,116.26
03/08/19,116.41
03/11/19,116.54
03/12/19,116.86
03/13/19,116.67
03/14/19,116.44
03/15/19,116.86
03/18/19,116.80
03/19/19,116.82
03/20/19,117.61
03/21/19,117.83
03/22/19,118.55
03/25/19,118.79
03/26/19,118.84
03/27/19,119.00
03/28/19,119.15
03/29/19,119.06
04/01/19,118.26
04/02/19,118.42
04/03/19,118.17
04/04/19,118.36
04/05/19,118.55
04/08/19,118.38
04/09/19,118.63
04/10/19,119.21
04/11/19,119.09
04/12/19,119.02
04/15/19,118.83
04/16/19,118.50
04/17/19,118.48
04/18/19,118.58
04/22/19,118.39
04/23/19,118.88
04/24/19,119.28
04/25/19,119.22
04/26/19,119.64
04/29/19,119.17
04/30/19,119.22
05/01/19,118.83
05/02/19,118.40
05/03/19,118.93
05/06/19,119.09
05/07/19,119.08
05/08/19,118.68
05/09/19,118.79
05/10/19,118.86
05/13/19,118.93
05/14/19,119.10
05/15/19,119.43
05/16/19,119.24
05/17/19,119.25
05/20/19,118.97
05/21/19,119.07
05/22/19,119.22
05/23/19,119.48
05/24/19,119.73
05/28/19,119.81
05/29/19,119.86
05/30/19,120.55
05/31/19,120.83
06/03/19,120.83
06/04/19,120.87
06/05/19,120.79
06/06/19,121.02
06/07/19,121.56
06/10/19,121.12
06/11/19,121.23
06/12/19,121.41
06/13/19,121.72
06/14/19,121.77
06/17/19,121.83
06/18/19,122.64
06/19/19,123.42
06/20/19,124.09
06/21/19,123.64
06/24/19,123.95
06/25/19,123.58
06/26/19,123.33
06/27/19,124.05
06/28/19,124.37
07/01/19,124.25
07/02/19,124.59
07/03/19,124.93
07/05/19,123.83
07/08/19,123.66
07/09/19,123.40
07/10/19,123.68
07/11/19,122.95
07/12/19,123.07
07/15/19,123.28
07/16/19,123.02
07/17/19,123.67
07/18/19,123.96
07/19/19,123.77
07/22/19,124.15
07/23/19,124.22
07/24/19,124.57
07/25/19,124.17
07/26/19,124.34
07/29/19,124.26
07/30/19,124.22
07/31/19,124.33
08/01/19,124.99
08/02/19,125.12
08/05/19,125.21
08/06/19,125.99
08/07/19,125.97
08/08/19,126.31
08/09/19,125.94
08/12/19,126.73
08/13/19,126.63
08/14/19,127.00
08/15/19,127.62
08/16/19,127.85
08/19/19,127.43
08/20/19,128.17
08/21/19,128.40
08/22/19,127.93
08/23/19,128.40
08/26/19,128.41
08/27/19,129.10
08/28/19,129.10
08/29/19,128.82
08/30/19,128.80
09/03/19,128.33
09/04/19,128.57
09/05/19,127.63
09/06/19,128.09
09/09/19,127.15
09/10/19,126.08
09/11/19,125.98
09/12/19,125.81
09/13/19,124.68
09/16/19,125.31
09/17/19,125.63
09/18/19,125.94
09/19/19,126.30
09/20/19,127.17
09/23/19,127.08
09/24/19,127.48
09/25/19,126.76
09/26/19,127.03
09/27/19,127.06
09/30/19,127.48
10/01/19,127.29
10/02/19,127.24
10/03/19,127.74
10/04/19,128.27
10/07/19,127.62
10/08/19,127.51
10/09/19,127.56
10/10/19,126.81
10/11/19,126.58
10/14/19,127.00
10/15/19,126.66
10/16/19,126.80
10/17/19,126.98
10/18/19,127.14
10/21/19,126.85
10/22/19,127.07
10/23/19,127.14
10/24/19,127.42
10/25/19,127.20
10/28/19,126.82
10/29/19,126.49
10/30/19,126.94
10/31/19,127.71
11/01/19,127.49
11/04/19,126.89
11/05/19,126.16
11/06/19,126.87
11/07/19,125.88
11/08/19,125.71
11/11/19,125.75
11/12/19,125.87
11/13/19,126.17
11/14/19,126.83
11/15/19,126.85
11/18/19,126.99
11/19/19,127.24
11/20/19,127.42
11/21/19,127.12
11/22/19,127.47
11/25/19,127.91
11/26/19,128.24
11/27/19,128.23
11/29/19,127.97
12/02/19,127.07
12/03/19,128.05
12/04/19,127.88
12/05/19,127.74
12/06/19,127.67
12/09/19,127.65
12/10/19,127.65
12/11/19,128.15
12/12/19,127.56
12/13/19,128.39
12/16/19,128.10
12/17/19,128.00
12/18/19,127.91
12/19/19,127.70
12/20/19,127.66
12/23/19,127.72
12/24/19,127.85
12/26/19,128.08
12/27/19,128.26
12/30/19,128.49
12/31/19,127.96
01/02/20,128.23
01/03/20,128.67
01/06/20,128.24
01/07/20,127.91
01/08/20,127.73
01/09/20,128.34
01/10/20,128.70
01/13/20,128.39
01/14/20,128.55
01/15/20,128.83
01/16/20,129.01
01/17/20,128.99
01/21/20,129.61
01/22/20,129.68
01/23/20,129.85
01/24/20,130.07
01/27/20,130.32
01/28/20,130.25
01/29/20,130.67
01/30/20,130.75
01/31/20,131.09
02/03/20,130.65
02/04/20,130.33
02/05/20,130.25
02/06/20,130.19
02/07/20,130.69
02/10/20,131.00
02/11/20,130.81
02/12/20,130.75
02/13/20,130.66
02/14/20,130.98
02/18/20,131.23
02/19/20,131.05
02/20/20,131.49
02/21/20,131.75
02/24/20,131.77
02/25/20,131.90
02/26/20,131.41
02/27/20,130.71
02/28/20,132.18
03/02/20,131.70
03/03/20,133.20
03/04/20,133.39
03/05/20,133.34
03/06/20,134.27
03/09/20,131.01
03/10/20,128.06
03/11/20,123.85
03/12/20,117.94
03/13/20,123.05
03/16/20,121.30
03/17/20,116.33
03/18/20,110.51
03/19/20,105.05
03/20/20,106.74
03/23/20,114.63
03/24/20,116.98
03/25/20,122.58
03/26/20,122.68
03/27/20,122.43
03/30/20,123.92
03/31/20,123.51
04/01/20,121.41
04/02/20,121.73
04/03/20,121.10
04/06/20,123.49
04/07/20,123.68
04/08/20,125.91
04/09/20,131.83
04/13/20,130.55
04/14/20,129.91
04/15/20,130.78
04/16/20,130.13
04/17/20,130.56
04/20/20,129.82
04/21/20,129.36
04/22/20,129.44
04/23/20,129.99
04/24/20,129.90
04/27/20,128.85
04/28/20,129.20
04/29/20,130.05
04/30/20,129.17
05/01/20,128.34
05/04/20,128.54
05/05/20,128.37
05/06/20,126.93
05/07/20,127.27
05/08/20,126.66
05/11/20,125.55
05/12/20,126.76
05/13/20,127.05
05/14/20,128.10
05/15/20,128.55
05/18/20,129.28
05/19/20,129.38
05/20/20,130.80
05/21/20,130.70
05/22/20,130.70
05/26/20,130.52
05/27/20,131.06
05/28/20,131.17
05/29/20,132.02
06/01/20,131.64
06/02/20,132.06
06/03/20,131.98
06/04/20,131.58
06/05/20,132.26
06/08/20,132.70
06/09/20,132.42
06/10/20,133.29
06/11/20,131.70
06/12/20,132.34
06/15/20,134.22
06/16/20,133.85
06/17/20,133.59
06/18/20,133.89
06/19/20,133.99
06/22/20,133.86
06/23/20,133.61
06/24/20,133.24
06/25/20,133.38
06/26/20,133.50
06/29/20,134.12
06/30/20,134.50
07/01/20,134.72
07/02/20,135.05
07/06/20,135.40
07/07/20,135.58
07/08/20,135.36
07/09/20,136.12
07/10/20,135.87
07/13/20,135.51
07/14/20,136.30
07/15/20,136.57
07/16/20,136.95
07/17/20,137.32
07/20/20,137.70
07/21/20,137.88
07/22/20,138.33
07/23/20,138.43
07/24/20,138.12
07/27/20,137.70
07/28/20,137.56
07/29/20,138.31
07/30/20,138.16
07/31/20,138.35
08/03/20,138.24
08/04/20,138.75
08/05/20,138.56
08/06/20,139.15
08/07/20,138.76
08/10/20,138.46
08/11/20,137.59
08/12/20,137.25
08/13/20,136.01
08/14/20,135.41
08/17/20,135.69
08/18/20,136.08
08/19/20,135.72
08/20/20,136.20
08/21/20,136.45
08/24/20,136.21
08/25/20,135.62
08/26/20,135.67
08/27/20,134.59
08/28/20,135.00
08/31/20,135.60
09/01/20,136.16
09/02/20,136.70
09/03/20,136.40
09/04/20,134.95
09/08/20,135.08
09/09/20,135.17
09/10/20,135.27
09/11/20,135.37
09/14/20,135.71
09/15/20,135.86
09/16/20,135.95
09/17/20,135.98
09/18/20,135.73
09/21/20,135.60
09/22/20,135.68
09/23/20,134.70
09/24/20,134.36
09/25/20,134.22
09/28/20,134.90
09/29/20,134.73
09/30/20,134.71
10/01/20,134.79
10/02/20,134.81
10/05/20,134.36
10/06/20,134.25
10/07/20,134.29
10/08/20,134.62
10/09/20,134.93
10/12/20,135.71
10/13/20,135.58
10/14/20,135.71
10/15/20,135.57
10/16/20,135.34
10/19/20,135.08
10/20/20,134.80
10/21/20,134.58
10/22/20,134.28
10/23/20,134.62
10/26/20,134.90
10/27/20,135.45
10/28/20,134.78
10/29/20,134.43
10/30/20,133.73
11/02/20,133.97
11/03/20,134.10
11/04/20,136.11
11/05/20,136.62
11/06/20,136.19
11/09/20,135.16
11/10/20,134.81
11/11/20,135.06
11/12/20,135.60
11/13/20,135.76
11/16/20,136.20
11/17/20,136.64
11/18/20,136.93
11/19/20,137.69
11/20/20,137.57
11/23/20,137.74
11/24/20,137.43
11/25/20,137.51
11/27/20,138.00
11/30/20,138.48
12/01/20,137.68
12/02/20,137.22
12/03/20,137.76
12/04/20,137.00
12/07/20,137.12
12/08/20,136.96
12/09/20,136.46
12/10/20,137.14
12/11/20,137.28
12/14/20,137.18
12/15/20,137.45
12/16/20,137.34
12/17/20,137.26
12/18/20,137.16
12/21/20,136.89
12/22/20,137.27
12/23/20,137.30
12/24/20,137.77
12/28/20,137.86
12/29/20,137.92
12/30/20,138.10
12/31/20,138.13
01/04/21,137.43
01/05/21,136.99
01/06/21,135.88
01/07/21,135.86
01/08/21,135.76
01/11/21,135.18
01/12/21,135.47
01/13/21,136.52
01/14/21,135.93
01/15/21,136.14
01/19/21,136.38
01/20/21,136.34
01/21/21,135.80
01/22/21,135.70
01/25/21,136.28
01/26/21,136.27
01/27/21,136.03
01/28/21,135.81
01/29/21,135.60
02/01/21,135.60
02/02/21,135.24
02/03/21,134.92
02/04/21,135.15
02/05/21,134.79
02/08/21,135.37
02/09/21,135.16
02/10/21,135.48
02/11/21,135.12
02/12/21,134.68
02/16/21,133.73
02/17/21,134.40
02/18/21,134.14
02/19/21,133.17
02/22/21,132.34
02/23/21,132.44
02/24/21,132.64
02/25/21,130.54
02/26/21,132.27
03/01/21,132.13
03/02/21,131.98
03/03/21,131.00
03/04/21,129.93
03/05/21,129.76
03/08/21,128.55
03/09/21,129.52
03/10/21,130.13
03/11/21,130.21
03/12/21,128.71
03/15/21,129.15
03/16/21,129.06
03/17/21,129.18
03/18/21,128.44
03/19/21,128.63
03/22/21,129.09
03/23/21,129.47
03/24/21,129.86
03/25/21,129.71
03/26/21,129.62
03/29/21,129.31
03/30/21,129.71
03/31/21,130.05
04/01/21,130.61
04/05/21,129.97
04/06/21,130.84
04/07/21,130.58
04/08/21,131.06
04/09/21,130.79
04/12/21,130.76
04/13/21,131.34
04/14/21,131.16
04/15/21,131.97
04/16/21,131.07
04/19/21,130.73
04/20/21,130.98
04/21/21,131.43
04/22/21,131.56
04/23/21,131.67
04/26/21,131.61
04/27/21,131.02
04/28/21,131.04
04/29/21,130.88
04/30/21,131.15
05/03/21,131.21
05/04/21,131.29
05/05/21,131.45
05/06/21,131.70
05/07/21,131.75
05/10/21,131.04
05/11/21,130.56
05/12/21,129.85
05/13/21,130.34
05/14/21,131.05
05/17/21,130.90
05/18/21,130.47
05/19/21,130.24
05/20/21,131.13
05/21/21,131.22
05/24/21,131.58
05/25/21,132.07
05/26/21,132.00
05/27/21,131.60
05/28/21,131.71
06/01/21,131.47
06/02/21,131.68
06/03/21,131.16
06/04/21,132.09
06/07/21,131.98
06/08/21,132.48
06/09/21,132.96
06/10/21,133.56
06/11/21,133.67
06/14/21,133.18
06/15/21,133.28
06/16/21,132.90
06/17/21,133.64
06/18/21,134.34
06/21/21,133.56
06/22/21,133.78
06/23/21,133.57
06/24/21,133.83
06/25/21,133.48
06/28/21,134.05
06/29/21,134.21
06/30/21,134.36
07/01/21,133.99
07/02/21,134.37
07/06/21,134.86
07/07/21,135.32
07/08/21,135.39
07/09/21,134.82
07/12/21,134.75
07/13/21,134.25
07/14/21,134.87
07/15/21,135.16
07/16/21,134.97
07/19/21,135.94
07/20/21,135.75
07/21/21,135.27
07/22/21,135.83
07/23/21,135.77
07/26/21,135.47
07/27/21,136.05
07/28/21,136.29
07/29/21,135.90
07/30/21,136.01
08/02/21,136.16
08/03/21,136.30
08/04/21,136.33
08/05/21,135.77
08/06/21,134.66
08/09/21,134.08
08/10/21,133.78
08/11/21,133.99
08/12/21,134.18
08/13/21,135.08
08/16/21,135.16
08/17/21,134.92
08/18/21,134.83
08/19/21,135.14
08/20/21,135.23
08/23/21,135.33
08/24/21,135.02
08/25/21,134.67
08/26/21,134.63
08/27/21,135.38
08/30/21,135.61
08/31/21,135.30
09/01/21,135.24
09/02/21,135.48
09/03/21,134.99
09/07/21,134.35
09/08/21,134.78
09/09/21,135.66
09/10/21,135.27
09/13/21,135.60
09/14/21,136.01
09/15/21,135.85
09/16/21,135.66
09/17/21,135.36
09/20/21,135.78
09/21/21,135.77
09/22/21,136.15
09/23/21,135.21
09/24/21,134.92
09/27/21,134.85
09/28/21,133.41
09/29/21,133.38
09/30/21,133.03
10/01/21,133.74
10/04/21,133.52
10/05/21,132.97
10/06/21,133.01
10/07/21,132.42
10/08/21,131.81
10/11/21,131.56
10/12/21,132.40
10/13/21,133.07
10/14/21,133.70
10/15/21,133.22
10/18/21,133.11
10/19/21,132.38
10/20/21,132.06
10/21/21,131.78
10/22/21,132.31
10/25/21,132.37
10/26/21,132.94
10/27/21,133.75
10/28/21,133.55
10/29/21,133.48
11/01/21,132.98
11/02/21,133.49
11/03/21,133.15
11/04/21,133.85
11/05/21,134.83
11/08/21,134.52
11/09/21,134.88
11/10/21,133.50
11/11/21,133.12
11/12/21,132.98
11/15/21,131.97
11/16/21,131.75
11/17/21,132.28
11/18/21,132.58
11/19/21,133.08
11/22/21,131.92
11/23/21,130.98
11/24/21,131.61
11/26/21,132.68
11/29/21,132.77
11/30/21,133.06
12/01/21,132.84
12/02/21,133.15
12/03/21,134.26
12/06/21,133.58
12/07/21,133.64
12/08/21,132.75
12/09/21,132.64
12/10/21,132.79
12/13/21,133.39
12/14/21,132.79
12/15/21,132.96
12/16/21,132.70
12/17/21,133.01
12/20/21,132.43
12/21/21,132.69
12/22/21,132.90
12/23/21,132.70
12/27/21,133.09
12/28/21,132.92
12/29/21,132.19
12/30/21,132.72
12/31/21,132.52
01/03/22,131.11
01/04/22,131.22
01/05/22,130.45
01/06/22,130.28
01/07/22,129.72
01/10/22,129.60
01/11/22,129.99
01/12/22,129.90
01/13/22,130.31
01/14/22,129.16
01/18/22,127.93
01/19/22,128.13
01/20/22,128.06
01/21/22,128.90
01/24/22,128.50
01/25/22,128.14
01/26/22,127.27
01/27/22,127.56
01/28/22,127.70
01/31/22,127.76
02/01/22,127.73
02/02/22,127.74
02/03/22,126.71
02/04/22,125.45
02/07/22,125.68
02/08/22,125.21
02/09/22,125.63
02/10/22,123.92
02/11/22,124.84
02/14/22,123.73
02/15/22,123.11
02/16/22,123.29
02/17/22,123.38
02/18/22,123.68
02/22/22,123.52
02/23/22,122.40
02/24/22,122.98
02/25/22,123.48
02/28/22,124.80
03/01/22,124.97
03/02/22,123.07
03/03/22,123.52
03/04/22,123.64
03/07/22,122.14
03/08/22,121.41
03/09/22,121.62
03/10/22,120.23
03/11/22,120.18
03/14/22,118.44
03/15/22,119.37
03/16/22,120.39
03/17/22,121.57
03/18/22,121.81
03/21/22,120.12
03/22/22,119.83
03/23/22,120.17
03/24/22,120.22
03/25/22,119.27
03/28/22,119.93
03/29/22,120.94
03/30/22,121.22
03/31/22,120.94
04/01/22,121.09
04/04/22,121.51
04/05/22,119.38
04/06/22,118.68
04/07/22,118.13
04/08/22,117.20
04/11/22,116.06
04/12/22,116.14
04/13/22,116.74
04/14/22,115.38
04/18/22,114.50
04/19/22,113.59
04/20/22,114.77
04/21/22,113.55
04/22/22,113.42
04/25/22,114.68
04/26/22,114.62
04/27/22,113.52
04/28/22,113.86
04/29/22,112.60
05/02/22,111.68
05/03/22,112.40
05/04/22,113.50
05/05/22,111.76
05/06/22,110.81
05/09/22,111.20
05/10/22,111.67
05/11/22,112.19
05/12/22,112.24
05/13/22,111.65
05/16/22,111.80
05/17/22,111.16
05/18/22,111.57
05/19/22,111.87
05/20/22,112.42
05/23/22,112.02
05/24/22,113.49
05/25/22,114.66
05/26/22,114.69
05/27/22,115.29
05/31/22,114.44
06/01/22,113.50
06/02/22,113.55
06/03/22,113.19
06/06/22,112.39
06/07/22,112.99
06/08/22,112.34
06/09/22,111.60
06/10/22,110.52
06/13/22,107.97
06/14/22,107.41
06/15/22,109.09
06/16/22,109.21
06/17/22,109.43
06/21/22,108.33
06/22/22,109.12
06/23/22,109.96
06/24/22,110.09
06/27/22,109.08
06/28/22,109.05
06/29/22,109.70
06/30/22,110.03
07/01/22,111.12
07/05/22,111.09
07/06/22,110.54
07/07/22,110.53
07/08/22,110.35
07/11/22,110.66
07/12/22,110.82
07/13/22,111.65
07/14/22,110.94
07/15/22,111.83
07/18/22,111.05
07/19/22,111.36
07/20/22,111.24
07/21/22,112.76
07/22/22,113.63
07/25/22,112.67
07/26/22,112.65
07/27/22,113.40
07/28/22,114.34
07/29/22,114.61
08/01/22,114.56
08/02/22,113.16
08/03/22,114.39
08/04/22,114.57
08/05/22,113.02
08/08/22,113.47
08/09/22,112.96
08/10/22,114.03
08/11/22,112.93
08/12/22,114.24
08/15/22,114.16
08/16/22,113.72
08/17/22,112.65
08/18/22,112.94
08/19/22,111.60
08/22/22,110.85
08/23/22,110.97
08/24/22,110.64
08/25/22,111.78
08/26/22,111.11
08/29/22,110.29
08/30/22,110.43
08/31/22,109.27
09/01/22,108.31
09/02/22,108.39
09/06/22,106.92
09/07/22,108.38
09/08/22,108.13
09/09/22,108.38
09/12/22,108.14
09/13/22,107.36
09/14/22,107.87
09/15/22,107.35
09/16/22,107.10
09/19/22,107.28
09/20/22,106.21
09/21/22,106.61
09/22/22,105.11
09/23/22,104.81
09/26/22,102.99
09/27/22,101.44
09/28/22,103.48
09/29/22,102.71
09/30/22,102.45
10/03/22,104.00
10/04/22,104.48
10/05/22,103.69
10/06/22,103.45
10/07/22,102.42
10/10/22,101.50
10/11/22,101.29
10/12/22,101.17
10/13/22,101.35
10/14/22,100.38
10/17/22,100.86
10/18/22,101.46
10/19/22,100.07
10/20/22,99.20
10/21/22,99.48
10/24/22,99.43
10/25/22,100.76
10/26/22,101.22
10/27/22,101.69
10/28/22,101.90
10/31/22,101.35
11/01/22,101.77
11/02/22,101.28
11/03/22,100.92
11/04/22,101.12
11/07/22,100.75
11/08/22,101.17
11/09/22,100.91
11/10/22,104.29
11/11/22,104.57
11/14/22,104.04
11/15/22,105.49
11/16/22,106.39
11/17/22,105.82
11/18/22,105.81
11/21/22,105.65
11/22/22,106.59
11/23/22,107.66
11/25/22,107.77
11/28/22,106.99
11/29/22,106.46
11/30/22,107.76
12/01/22,108.76
12/02/22,109.42
12/05/22,108.49
12/06/22,108.82
12/07/22,110.03
12/08/22,109.68
12/09/22,108.86
12/12/22,108.72
12/13/22,109.67
12/14/22,109.77
12/15/22,109.53
12/16/22,109.06
12/19/22,107.96
12/20/22,106.69
12/21/22,107.42
12/22/22,107.39
12/23/22,107.06
12/27/22,105.68
12/28/22,105.35
12/29/22,106.10
12/30/22,105.43
01/03/23,106.16
01/04/23,106.93
01/05/23,106.85
01/06/23,108.60
01/09/23,109.03
01/10/23,108.66
01/11/23,109.59
01/12/23,110.83
01/13/23,110.47
01/17/23,110.07
01/18/23,111.36
01/19/23,111.13
01/20/23,110.55
01/23/23,110.23
01/24/23,110.81
01/25/23,110.86
01/26/23,110.82
01/27/23,110.50
01/30/23,110.08
01/31/23,110.87
02/01/23,111.65
02/02/23,111.81
02/03/23,110.54
02/06/23,109.69
02/07/23,109.33
02/08/23,109.44
02/09/23,108.52
02/10/23,107.76
02/13/23,108.16
02/14/23,107.89
02/15/23,107.48
02/16/23,106.62
02/17/23,107.04
02/21/23,105.52
02/22/23,105.82
02/23/23,106.65
02/24/23,105.85
02/27/23,105.88
02/28/23,105.92
03/01/23,104.89
03/02/23,104.98
03/03/23,106.17
03/06/23,105.88
03/07/23,105.58
03/08/23,105.41
03/09/23,105.31
03/10/23,106.82
03/13/23,106.91
03/14/23,106.59
03/15/23,107.61
03/16/23,107.45
03/17/23,107.99
03/20/23,107.67
03/21/23,108.19
03/22/23,108.82
03/23/23,109.13
03/24/23,109.47
03/27/23,108.16
03/28/23,107.98
03/29/23,108.48
03/30/23,108.63
03/31/23,109.61
04/03/23,109.93
04/04/23,110.07
04/05/23,110.43
04/06/23,110.33
04/10/23,109.82
04/11/23,109.79
04/12/23,109.56
04/13/23,109.75
04/14/23,109.39
04/17/23,108.70
04/18/23,109.06
04/19/23,108.52
04/20/23,108.93
04/21/23,109.00
04/24/23,109.48
04/25/23,109.96
04/26/23,109.48
04/27/23,109.08
04/28/23,109.93
05/01/23,107.79
05/02/23,109.09
05/03/23,109.27
05/04/23,108.97
05/05/23,108.54
05/08/23,107.76
05/09/23,107.72
05/10/23,108.57
05/11/23,108.99
05/12/23,108.32
05/15/23,107.74
05/16/23,107.20
05/17/23,107.19
05/18/23,106.74
05/19/23,106.61
05/22/23,106.57
05/23/23,106.79
05/24/23,106.37
05/25/23,106.02
05/26/23,106.47
05/30/23,107.27
05/31/23,107.62
06/01/23,107.60
06/02/23,107.31
06/05/23,107.08
06/06/23,107.29
06/07/23,106.33
06/08/23,107.04
06/09/23,106.76
06/12/23,107.10
06/13/23,106.62
06/14/23,106.95
06/15/23,107.88
06/16/23,107.69
06/20/23,108.08
06/21/23,107.96
06/22/23,107.40
06/23/23,107.70
06/26/23,107.82
06/27/23,107.70
06/28/23,108.17
06/29/23,107.35
06/30/23,108.14
07/03/23,107.49
07/05/23,106.72
07/06/23,105.64
07/07/23,105.54
07/10/23,106.09
07/11/23,106.59
07/12/23,107.53
07/13/23,108.29
07/14/23,107.45
07/17/23,107.63
07/18/23,107.90
07/19/23,108.51
07/20/23,107.78
07/21/23,107.97
07/24/23,107.84
07/25/23,107.67
07/26/23,108.17
07/27/23,106.85
07/28/23,107.55
07/31/23,107.85
08/01/23,106.41
08/02/23,105.76
08/03/23,104.81
08/04/23,105.90
08/07/23,105.64
08/08/23,106.06
08/09/23,106.16
08/10/23,105.41
08/11/23,105.05
08/14/23,105.01
08/15/23,104.46
08/16/23,103.99
08/17/23,103.71
08/18/23,104.10
08/21/23,103.48
08/22/23,103.80
08/23/23,105.26
08/24/23,104.90
08/25/23,104.96
08/28/23,105.29
08/29/23,106.13
08/30/23,105.98
08/31/23,106.16
09/01/23,105.03
09/05/23,104.28
09/06/23,104.18
09/07/23,104.64
09/08/23,104.72
09/11/23,104.52
09/12/23,104.49
09/13/23,104.72
09/14/23,104.53
09/15/23,104.37
09/18/23,104.57
09/19/23,104.22
09/20/23,104.26
09/21/23,103.21
09/22/23,103.84
09/25/23,102.83
09/26/23,102.54
09/27/23,102.06
09/28/23,102.24
09/29/23,102.02
10/02/23,100.69
10/03/23,99.53
10/04/23,100.40
10/05/23,100.28
10/06/23,99.98
10/09/23,101.22
10/10/23,101.26
10/11/23,101.88
10/12/23,100.82
10/13/23,101.38
10/16/23,100.68
10/17/23,99.88
10/18/23,99.08
10/19/23,98.28
10/20/23,98.67
10/23/23,99.44
10/24/23,100.00
10/25/23,99.09
10/26/23,99.81
10/27/23,99.61
10/30/23,99.31
10/31/23,99.17
11/01/23,100.22
11/02/23,101.41
11/03/23,101.91
11/06/23,101.37
11/07/23,102.18
11/08/23,102.70
11/09/23,101.66
11/10/23,102.17
11/13/23,102.18
11/14/23,103.78
11/15/23,103.24
11/16/23,104.09
11/17/23,104.39
11/20/23,104.81
11/21/23,104.84
11/22/23,105.26
11/24/23,104.72
11/27/23,105.57
11/28/23,105.99
11/29/23,106.85
11/30/23,106.29
12/01/23,107.17
12/04/23,106.68
12/05/23,107.53
12/06/23,107.93
12/07/23,107.94
12/08/23,107.36
12/11/23,107.33
12/12/23,107.94
12/13/23,109.75
12/14/23,110.52
12/15/23,110.36
12/18/23,109.90
12/19/23,110.04
12/20/23,110.33
12/21/23,110.29
12/22/23,110.10
12/26/23,110.33
12/27/23,111.36
12/28/23,111.07
12/29/23,110.66
01/02/24,109.91
01/03/24,109.66
01/04/24,109.05
01/05/24,108.66
01/08/24,109.49
01/09/24,109.68
01/10/24,109.54
01/11/24,110.20
01/12/24,110.44
01/16/24,109.32
01/17/24,109.09
01/18/24,108.88
01/19/24,108.99
01/22/24,109.29
01/23/24,108.89
01/24/24,108.68
01/25/24,109.40
01/26/24,109.09
01/29/24,109.54
01/30/24,109.89
01/31/24,110.17
02/01/24,110.63
02/02/24,109.62
02/05/24,108.57
02/06/24,109.18
02/07/24,108.86
02/08/24,108.30
02/09/24,108.16
02/12/24,108.17
02/13/24,106.98
02/14/24,107.48
02/15/24,107.87
02/16/24,107.48
02/20/24,107.84
02/21/24,107.57
02/22/24,107.74
02/23/24,108.06
02/26/24,107.72
02/27/24,107.57
02/28/24,107.56
02/29/24,107.66
03/01/24,107.92
03/04/24,107.72
03/05/24,108.31
03/06/24,108.60
03/07/24,108.87
03/08/24,109.02
03/11/24,109.04
03/12/24,108.69
03/13/24,108.58
03/14/24,107.78
03/15/24,107.81
03/18/24,107.63
03/19/24,107.94
03/20/24,108.14
03/21/24,108.30
03/22/24,108.67
03/25/24,108.30
03/26/24,108.27
03/27/24,109.02
03/28/24,108.92
04/01/24,107.47
04/02/24,107.31
04/03/24,107.38
04/04/24,107.50
04/05/24,107.03
04/08/24,107.02
04/09/24,107.57
04/10/24,106.04
04/11/24,105.82
04/12/24,106.06
04/15/24,104.89
04/16/24,104.54
04/17/24,105.11
04/18/24,104.90
04/19/24,105.01
04/22/24,105.27
04/23/24,105.45
04/24/24,105.04
04/25/24,104.73
04/26/24,105.13
04/29/24,105.57
04/30/24,104.99
05/01/24,105.01
05/02/24,105.66
05/03/24,106.40
05/06/24,106.70
05/07/24,106.75
05/08/24,106.48
05/09/24,106.65
05/10/24,106.31
05/13/24,106.35
05/14/24,106.66
05/15/24,107.61
05/16/24,107.44
05/17/24,107.19
05/20/24,107.14
05/21/24,107.32
05/22/24,107.16
05/23/24,106.69
05/24/24,106.98
05/28/24,106.34
05/29/24,105.77
05/30/24,106.42
05/31/24,106.89
06/03/24,107.22
06/04/24,107.64
06/05/24,108.00
06/06/24,107.93
06/07/24,106.96
06/10/24,106.74
06/11/24,107.20
06/12/24,107.86
06/13/24,108.37
06/14/24,108.46
06/17/24,107.95
06/18/24,108.45
06/20/24,108.09
06/21/24,108.12
06/24/24,108.23
06/25/24,108.19
06/26/24,107.60
06/27/24,107.81
06/28/24,107.12
07/01/24,106.11
07/02/24,106.79
07/03/24,107.58
07/05/24,108.14
07/08/24,108.13
07/09/24,107.93
07/10/24,108.19
07/11/24,108.77
07/12/24,109.17
07/15/24,108.57
07/16/24,109.20
07/17/24,109.25
07/18/24,108.78
07/19/24,108.38
07/22/24,108.32
07/23/24,108.24
07/24/24,107.58
07/25/24,108.01
07/26/24,108.61
07/29/24,108.84
07/30/24,108.93
07/31/24,109.56
08/01/24,109.53
08/02/24,110.60
08/05/24,110.32
08/06/24,109.60
08/07/24,109.10
08/08/24,109.15
08/09/24,109.71
08/12/24,109.94
08/13/24,110.71
08/14/24,111.20
08/15/24,110.86
08/16/24,111.19
08/19/24,111.45
08/20/24,111.74
08/21/24,111.99
08/22/24,111.53
08/23/24,112.17
08/26/24,112.03
08/27/24,111.94
08/28/24,111.71
08/29/24,111.52
08/30/24,111.21
09/03/24,111.14
09/04/24,111.83
09/05/24,112.38
09/06/24,112.33
09/09/24,112.58
09/10/24,112.89
09/11/24,112.94
09/12/24,112.86
09/13/24,113.21
09/16/24,113.71
09/17/24,113.72
09/18/24,113.25
09/19/24,113.35
09/20/24,113.45
09/23/24,113.29
09/24/24,113.48
09/25/24,112.81
09/26/24,112.81
09/27/24,113.26
09/30/24,112.98
10/01/24,113.11
10/02/24,112.86
10/03/24,112.13
10/04/24,111.52
10/07/24,110.95
10/08/24,111.17
10/09/24,110.95
10/10/24,110.83
10/11/24,110.81
10/14/24,110.82
10/15/24,111.36
10/16/24,111.71
10/17/24,110.88
10/18/24,110.75
10/21/24,109.62
10/22/24,109.61
10/23/24,109.24
10/24/24,109.57
10/25/24,109.31
10/28/24,109.22
10/29/24,109.35
10/30/24,109.21
10/31/24,108.99
11/01/24,108.01
11/04/24,108.81
11/05/24,109.33
11/06/24,108.19
11/07/24,109.47
11/08/24,109.85
11/11/24,109.64
11/12/24,108.65
11/13/24,108.24
11/14/24,108.21
11/15/24,108.26
11/18/24,108.46
11/19/24,108.69
11/20/24,108.43
11/21/24,108.30
11/22/24,108.40
11/25/24,109.75
11/26/24,109.47
11/27/24,109.87
11/29/24,110.55
12/02/24,110.34
12/03/24,109.95
12/04/24,110.48
12/05/24,110.45
12/06/24,110.70
12/09/24,110.42
12/10/24,110.25
12/11/24,109.95
12/12/24,109.33
12/13/24,108.72
12/16/24,108.86
12/17/24,108.87
12/18/24,107.14
12/19/24,106.56
12/20/24,106.98
12/23/24,106.67
12/24/24,107.00
12/26/24,107.10
12/27/24,106.65
12/30/24,107.11
12/31/24,106.84
01/02/25,106.85
01/03/25,106.60
01/06/25,106.33
01/07/25,105.84
01/08/25,106.01
01/10/25,105.40
01/13/25,105.10
01/14/25,105.22
01/15/25,106.48
01/16/25,106.69
01/17/25,106.78
01/21/25,107.40
01/22/25,107.06
01/23/25,106.91
01/24/25,107.12
01/27/25,107.86
01/28/25,107.71
01/29/25,107.57
01/30/25,107.81
01/31/25,107.46
02/03/25,107.24
02/04/25,107.45
02/05/25,108.20
02/06/25,108.00
02/07/25,107.53
02/10/25,107.56
02/11/25,107.32
02/12/25,106.74
02/13/25,107.57
02/14/25,107.99
02/18/25,107.55
02/19/25,107.61
02/20/25,107.87
02/21/25,108.25
02/24/25,108.53
02/25/25,109.36
02/26/25,109.59
02/27/25,109.13
02/28/25,109.61
03/03/25,109.54
03/04/25,109.18
03/05/25,108.83
03/06/25,108.49
03/07/25,108.32
03/10/25,108.69
03/11/25,107.98
03/12/25,107.66
03/13/25,108.00
03/14/25,107.95
03/17/25,108.17
03/18/25,108.43
03/19/25,109.07
03/20/25,108.91
03/21/25,108.76
03/24/25,108.29
03/25/25,108.40
03/26/25,107.96
03/27/25,107.83
03/28/25,108.48
03/31/25,108.69
04/01/25,108.66
04/02/25,108.91
04/03/25,108.90
04/04/25,108.78
04/07/25,106.66
04/08/25,105.31
04/09/25,107.07
04/10/25,105.25
04/11/25,105.23
04/14/25,105.88
04/15/25,106.45
04/16/25,106.90
04/17/25,106.75
04/21/25,105.60
04/22/25,105.86
04/23/25,106.33
04/24/25,107.42
04/25/25,107.99
04/28/25,108.24
04/29/25,108.49
04/30/25,107.98
05/01/25,107.17
05/02/25,106.91
05/05/25,106.76
05/06/25,106.97
05/07/25,107.19
05/08/25,106.65
05/09/25,106.61
05/12/25,106.59
05/13/25,106.68
05/14/25,106.14
05/15/25,106.90
05/16/25,107.10
05/19/25,107.11
05/20/25,106.85
05/21/25,105.66
05/22/25,106.20
05/23/25,106.28
05/27/25,107.24
05/28/25,106.98
05/29/25,107.46
05/30/25,107.77
06/02/25,107.07
06/03/25,107.12
06/04/25,107.90
06/05/25,107.57
06/06/25,106.92
06/09/25,107.24
06/10/25,107.50
06/11/25,107.84
06/12/25,108.44
06/13/25,107.79
06/16/25,107.60
06/17/25,107.97
06/18/25,108.05
06/20/25,108.14
06/23/25,108.41
06/24/25,108.92
06/25/25,108.79
06/26/25,109.19
06/27/25,109.01
06/30/25,109.61
07/01/25,109.34
07/02/25,109.32
07/03/25,109.06
07/07/25,108.41
07/08/25,108.10
07/09/25,108.72
07/10/25,108.74
07/11/25,108.08
07/14/25,108.05
07/15/25,107.66
07/16/25,107.83
07/17/25,108.09
07/18/25,108.29
07/21/25,108.71
07/22/25,108.97
07/23/25,108.80
07/24/25,108.64
07/25/25,108.99
07/28/25,108.77
07/29/25,109.49
07/30/25,109.08
07/31/25,109.11
08/01/25,109.63
08/04/25,109.82
08/05/25,109.90
08/06/25,109.87
08/07/25,109.76
08/08/25,109.41
08/11/25,109.58
08/12/25,109.68
08/13/25,110.26
08/14/25,109.88
08/15/25,109.74
08/18/25,109.54
08/19/25,109.71
08/20/25,109.76
08/21/25,109.34
08/22/25,110.20
08/25/25,109.91
08/26/25,109.99
08/27/25,110.03
08/28/25,110.20
08/29/25,109.80
09/02/25,109.05
09/03/25,109.70
09/04/25,110.45
09/05/25,111.17
09/08/25,111.56
09/09/25,111.36
09/10/25,111.69
09/11/25,112.21
09/12/25,112.01
09/15/25,112.36
09/16/25,112.26
09/17/25,112.06
09/18/25,111.83
09/19/25,111.74
09/22/25,111.49
09/23/25,111.71
09/24/25,111.26
09/25/25,111.06
09/26/25,111.21
09/29/25,111.58
09/30/25,111.47
10/01/25,111.51
10/02/25,111.69
10/03/25,111.55
10/06/25,111.19
10/07/25,111.40
10/08/25,111.26
10/09/25,111.04
10/10/25,111.35
10/13/25,111.73
10/14/25,112.10
10/15/25,112.10
10/16/25,112.42
10/17/25,112.20
10/20/25,112.54
10/21/25,112.56
10/22/25,112.67
10/23/25,112.53
10/24/25,112.72
10/27/25,112.91
10/28/25,112.92
10/29/25,112.28
10/30/25,111.68
10/31/25,111.23
11/03/25,110.53
11/04/25,110.68
11/05/25,110.35
11/06/25,110.93
11/07/25,110.71
11/10/25,110.77
11/11/25,111.21