Date,TLT
04/11/07,87.37
04/12/07,87.39
04/13/07,87.12
04/16/07,87.60
04/17/07,88.09
04/18/07,88.53
04/19/07,88.38
04/20/07,88.15
04/23/07,88.47
04/24/07,88.80
04/25/07,88.49
04/26/07,87.85
04/27/07,87.83
04/30/07,88.75
05/01/07,88.49
05/02/07,88.44
05/03/07,88.24
05/04/07,88.60
05/07/07,88.84
05/08/07,88.64
05/09/07,88.29
05/10/07,88.50
05/11/07,88.19
05/14/07,87.96
05/15/07,87.93
05/16/07,87.87
05/17/07,87.51
05/18/07,86.93
05/21/07,87.19
05/22/07,86.74
05/23/07,86.49
05/24/07,86.57
05/25/07,86.37
05/29/07,86.36
05/30/07,86.54
05/31/07,86.38
06/01/07,85.59
06/04/07,85.98
06/05/07,85.44
06/06/07,85.40
06/07/07,83.87
06/08/07,83.80
06/11/07,83.56
06/12/07,82.35
06/13/07,83.33
06/14/07,83.12
06/15/07,83.69
06/18/07,83.52
06/19/07,84.30
06/20/07,83.62
06/21/07,83.22
06/22/07,83.76
06/25/07,84.22
06/26/07,84.24
06/27/07,84.32
06/28/07,84.30
06/29/07,85.17
07/02/07,85.29
07/03/07,84.77
07/05/07,83.82
07/06/07,83.48
07/09/07,83.78
07/10/07,85.20
07/11/07,84.32
07/12/07,84.03
07/13/07,84.26
07/16/07,85.07
07/17/07,84.89
07/18/07,85.21
07/19/07,85.19
07/20/07,85.96
07/23/07,85.82
07/24/07,86.14
07/25/07,86.31
07/26/07,87.03
07/27/07,87.28
07/30/07,87.03
07/31/07,87.66
08/01/07,87.13
08/02/07,87.35
08/03/07,87.93
08/06/07,87.29
08/07/07,87.22
08/08/07,86.16
08/09/07,86.28
08/10/07,86.08
08/13/07,86.33
08/14/07,86.56
08/15/07,86.25
08/16/07,87.14
08/17/07,86.79
08/20/07,86.84
08/21/07,87.26
08/22/07,87.12
08/23/07,87.42
08/24/07,87.85
08/27/07,88.31
08/28/07,88.46
08/29/07,88.22
08/30/07,88.79
08/31/07,88.88
09/04/07,88.56
09/05/07,89.27
09/06/07,89.04
09/07/07,90.30
09/10/07,91.00
09/11/07,90.93
09/12/07,90.59
09/13/07,89.78
09/14/07,89.91
09/17/07,90.34
09/18/07,89.66
09/19/07,88.83
09/20/07,87.15
09/21/07,87.89
09/24/07,88.14
09/25/07,87.83
09/26/07,87.91
09/27/07,88.52
09/28/07,88.72
10/01/07,88.88
10/02/07,89.16
10/03/07,88.90
10/04/07,89.24
10/05/07,88.28
10/08/07,88.21
10/09/07,88.10
10/10/07,88.15
10/11/07,88.06
10/12/07,87.63
10/15/07,87.65
10/16/07,87.68
10/17/07,88.64
10/18/07,89.13
10/19/07,90.46
10/22/07,90.47
10/23/07,90.35
10/24/07,91.02
10/25/07,90.71
10/26/07,90.50
10/29/07,90.85
10/30/07,90.80
10/31/07,89.98
11/01/07,90.75
11/02/07,91.04
11/05/07,91.00
11/06/07,90.56
11/07/07,90.72
11/08/07,90.56
11/09/07,91.33
11/12/07,91.66
11/13/07,91.32
11/14/07,91.42
11/15/07,92.28
11/16/07,92.41
11/19/07,93.01
11/20/07,92.91
11/21/07,93.45
11/23/07,93.73
11/26/07,95.58
11/27/07,94.67
11/28/07,94.03
11/29/07,94.84
11/30/07,94.38
12/03/07,94.75
12/04/07,94.74
12/05/07,93.61
12/06/07,92.79
12/07/07,91.75
12/10/07,91.20
12/11/07,92.99
12/12/07,92.03
12/13/07,91.03
12/14/07,90.61
12/17/07,91.42
12/18/07,92.01
12/19/07,93.23
12/20/07,93.03
12/21/07,91.67
12/24/07,91.24
12/26/07,90.44
12/27/07,91.06
12/28/07,92.48
12/31/07,93.05
01/02/08,94.38
01/03/08,94.25
01/04/08,94.27
01/07/08,94.68
01/08/08,94.57
01/09/08,94.75
01/10/08,93.47
01/11/08,94.20
01/14/08,94.55
01/15/08,95.61
01/16/08,94.92
01/17/08,96.15
01/18/08,95.49
01/22/08,96.51
01/23/08,96.29
01/24/08,94.36
01/25/08,95.95
01/28/08,95.59
01/29/08,94.94
01/30/08,94.32
01/31/08,94.99
02/01/08,95.23
02/04/08,94.25
02/05/08,94.97
02/06/08,94.68
02/07/08,92.64
02/08/08,93.70
02/11/08,94.09
02/12/08,93.53
02/13/08,92.54
02/14/08,91.18
02/15/08,91.88
02/19/08,90.95
02/20/08,91.58
02/21/08,92.55
02/22/08,92.02
02/25/08,91.08
02/26/08,91.11
02/27/08,91.19
02/28/08,92.81
02/29/08,94.23
03/03/08,93.64
03/04/08,92.73
03/05/08,91.62
03/06/08,92.11
03/07/08,92.23
03/10/08,93.59
03/11/08,92.79
03/12/08,94.58
03/13/08,93.84
03/14/08,95.00
03/17/08,95.73
03/18/08,95.36
03/19/08,96.94
03/20/08,97.18
03/24/08,95.30
03/25/08,95.70
03/26/08,95.30
03/27/08,94.63
03/28/08,95.55
03/31/08,95.89
04/01/08,93.93
04/02/08,94.13
04/03/08,94.34
04/04/08,95.20
04/07/08,94.70
04/08/08,94.37
04/09/08,95.35
04/10/08,95.03
04/11/08,95.67
04/14/08,95.11
04/15/08,93.93
04/16/08,93.01
04/17/08,92.85
04/18/08,92.77
04/21/08,93.14
04/22/08,93.46
04/23/08,93.15
04/24/08,92.36
04/25/08,91.82
04/28/08,92.10
04/29/08,92.45
04/30/08,93.12
05/01/08,92.78
05/02/08,91.61
05/05/08,91.61
05/06/08,90.95
05/07/08,91.34
05/08/08,92.16
05/09/08,92.50
05/12/08,92.36
05/13/08,91.35
05/14/08,91.39
05/15/08,92.22
05/16/08,91.84
05/19/08,91.96
05/20/08,92.44
05/21/08,92.46
05/22/08,91.37
05/23/08,91.77
05/27/08,91.15
05/28/08,90.34
05/29/08,89.69
05/30/08,90.28
06/02/08,90.30
06/03/08,90.95
06/04/08,90.14
06/05/08,89.60
06/06/08,90.76
06/09/08,90.76
06/10/08,90.17
06/11/08,89.96
06/12/08,89.06
06/13/08,88.87
06/16/08,88.89
06/17/08,89.07
06/18/08,89.82
06/19/08,89.29
06/20/08,89.81
06/23/08,90.00
06/24/08,90.59
06/25/08,90.64
06/26/08,91.25
06/27/08,92.32
06/30/08,92.34
07/01/08,91.79
07/02/08,92.27
07/03/08,92.07
07/07/08,92.49
07/08/08,93.09
07/09/08,93.50
07/10/08,93.49
07/11/08,92.16
07/14/08,92.97
07/15/08,92.94
07/16/08,91.26
07/17/08,90.79
07/18/08,90.45
07/21/08,90.80
07/22/08,90.35
07/23/08,90.17
07/24/08,91.05
07/25/08,90.14
07/28/08,91.05
07/29/08,90.68
07/30/08,90.77
07/31/08,91.67
08/01/08,91.54
08/04/08,91.33
08/05/08,90.65
08/06/08,90.28
08/07/08,91.75
08/08/08,92.00
08/11/08,91.12
08/12/08,91.97
08/13/08,91.65
08/14/08,92.24
08/15/08,93.04
08/18/08,93.41
08/19/08,93.05
08/20/08,93.31
08/21/08,93.14
08/22/08,93.08
08/25/08,94.01
08/26/08,94.09
08/27/08,94.25
08/28/08,94.26
08/29/08,93.84
09/02/08,94.37
09/03/08,94.77
09/04/08,95.53
09/05/08,95.48
09/08/08,95.88
09/09/08,96.83
09/10/08,96.23
09/11/08,96.18
09/12/08,94.94
09/15/08,98.02
09/16/08,98.00
09/17/08,98.49
09/18/08,97.05
09/19/08,93.97
09/22/08,93.96
09/23/08,93.60
09/24/08,94.01
09/25/08,93.82
09/26/08,94.50
09/29/08,97.25
09/30/08,94.88
10/01/08,95.78
10/02/08,96.55
10/03/08,97.40
10/06/08,99.17
10/07/08,98.87
10/08/08,97.45
10/09/08,96.63
10/10/08,95.95
10/13/08,94.72
10/14/08,94.11
10/15/08,95.01
10/16/08,94.52
10/17/08,93.87
10/20/08,94.62
10/21/08,95.12
10/22/08,97.05
10/23/08,97.77
10/24/08,96.73
10/27/08,96.80
10/28/08,95.39
10/29/08,94.91
10/30/08,94.05
10/31/08,92.83
11/03/08,92.71
11/04/08,94.45
11/05/08,95.57
11/06/08,94.88
11/07/08,94.26
11/10/08,94.72
11/11/08,95.00
11/12/08,95.61
11/13/08,93.32
11/14/08,95.17
11/17/08,95.59
11/18/08,96.82
11/19/08,99.30
11/20/08,104.43
11/21/08,102.92
11/24/08,101.31
11/25/08,104.29
11/26/08,104.43
11/28/08,105.72
12/01/08,109.40
12/02/08,109.82
12/03/08,110.13
12/04/08,112.30
12/05/08,110.48
12/08/08,110.24
12/09/08,112.42
12/10/08,112.15
12/11/08,112.37
12/12/08,112.37
12/15/08,113.65
12/16/08,116.46
12/17/08,119.62
12/18/08,122.13
12/19/08,122.26
12/22/08,121.32
12/23/08,121.16
12/24/08,120.90
12/26/08,121.30
12/29/08,120.75
12/30/08,121.90
12/31/08,119.35
01/02/09,116.35
01/05/09,113.35
01/06/09,112.21
01/07/09,112.65
01/08/09,112.56
01/09/09,112.73
01/12/09,113.90
01/13/09,114.02
01/14/09,115.90
01/15/09,116.09
01/16/09,114.30
01/20/09,114.28
01/21/09,110.67
01/22/09,108.54
01/23/09,107.69
01/26/09,106.75
01/27/09,109.26
01/28/09,106.53
01/29/09,104.08
01/30/09,103.75
02/02/09,105.39
02/03/09,102.88
02/04/09,102.52
02/05/09,102.61
02/06/09,102.29
02/09/09,102.62
02/10/09,104.85
02/11/09,106.21
02/12/09,105.21
02/13/09,102.41
02/17/09,105.60
02/18/09,104.70
02/19/09,102.92
02/20/09,103.92
02/23/09,104.88
02/24/09,104.77
02/25/09,103.56
02/26/09,102.47
02/27/09,101.88
03/02/09,103.28
03/03/09,102.59
03/04/09,102.12
03/05/09,104.96
03/06/09,104.26
03/09/09,103.65
03/10/09,101.66
03/11/09,102.76
03/12/09,103.25
03/13/09,102.73
03/16/09,101.11
03/17/09,100.56
03/18/09,104.37
03/19/09,104.50
03/20/09,103.92
03/23/09,103.02
03/24/09,104.00
03/25/09,102.60
03/26/09,103.79
03/27/09,104.56
03/30/09,104.96
03/31/09,105.71
04/01/09,106.37
04/02/09,105.07
04/03/09,102.92
04/06/09,102.48
04/07/09,102.74
04/08/09,103.65
04/09/09,102.35
04/13/09,103.29
04/14/09,103.83
04/15/09,103.65
04/16/09,102.83
04/17/09,101.70
04/20/09,103.24
04/21/09,102.22
04/22/09,101.60
04/23/09,101.59
04/24/09,100.57
04/27/09,101.00
04/28/09,99.35
04/29/09,98.47
04/30/09,98.08
05/01/09,97.11
05/04/09,97.43
05/05/09,97.31
05/06/09,97.08
05/07/09,94.71
05/08/09,94.94
05/11/09,96.29
05/12/09,96.64
05/13/09,97.69
05/14/09,98.07
05/15/09,98.04
05/18/09,96.52
05/19/09,96.01
05/20/09,97.02
05/21/09,94.58
05/22/09,93.53
05/26/09,92.12
05/27/09,90.49
05/28/09,91.80
05/29/09,94.17
06/01/09,91.09
06/02/09,91.58
06/03/09,92.44
06/04/09,90.53
06/05/09,89.84
06/08/09,89.61
06/09/09,89.60
06/10/09,88.19
06/11/09,89.17
06/12/09,89.97
06/15/09,90.78
06/16/09,92.36
06/17/09,91.84
06/18/09,90.45
06/19/09,91.69
06/22/09,92.58
06/23/09,93.67
06/24/09,92.73
06/25/09,94.43
06/26/09,94.59
06/29/09,94.73
06/30/09,94.57
07/01/09,94.08
07/02/09,94.30
07/06/09,94.12
07/07/09,94.75
07/08/09,96.50
07/09/09,95.35
07/10/09,96.23
07/13/09,95.69
07/14/09,94.10
07/15/09,91.68
07/16/09,92.67
07/17/09,91.24
07/20/09,91.72
07/21/09,93.55
07/22/09,92.71
07/23/09,91.01
07/24/09,91.45
07/27/09,90.40
07/28/09,91.20
07/29/09,91.70
07/30/09,93.00
07/31/09,94.81
08/03/09,93.06
08/04/09,92.32
08/05/09,90.94
08/06/09,91.25
08/07/09,90.49
08/10/09,91.62
08/11/09,92.68
08/12/09,91.69
08/13/09,92.99
08/14/09,93.35
08/17/09,94.73
08/18/09,94.18
08/19/09,94.96
08/20/09,95.74
08/21/09,93.77
08/24/09,95.47
08/25/09,96.01
08/26/09,96.45
08/27/09,96.07
08/28/09,96.51
08/31/09,96.60
09/01/09,96.06
09/02/09,97.46
09/03/09,96.86
09/04/09,95.21
09/08/09,94.54
09/09/09,94.43
09/10/09,96.17
09/11/09,96.70
09/14/09,95.74
09/15/09,95.25
09/16/09,95.42
09/17/09,96.62
09/18/09,95.76
09/21/09,95.98
09/22/09,96.18
09/23/09,96.47
09/24/09,96.75
09/25/09,97.98
09/28/09,98.84
09/29/09,98.75
09/30/09,98.66
10/01/09,99.70
10/02/09,99.01
10/05/09,99.02
10/06/09,98.04
10/07/09,99.19
10/08/09,98.15
10/09/09,95.90
10/12/09,96.05
10/13/09,96.55
10/14/09,95.12
10/15/09,94.68
10/16/09,95.45
10/19/09,96.20
10/20/09,96.72
10/21/09,96.14
10/22/09,95.67
10/23/09,94.95
10/26/09,93.72
10/27/09,95.00
10/28/09,95.45
10/29/09,94.41
10/30/09,95.78
11/02/09,95.05
11/03/09,94.10
11/04/09,93.24
11/05/09,93.24
11/06/09,93.33
11/09/09,93.44
11/10/09,93.27
11/11/09,93.66
11/12/09,93.49
11/13/09,93.92
11/16/09,95.02
11/17/09,95.53
11/18/09,94.97
11/19/09,95.14
11/20/09,95.12
11/23/09,95.00
11/24/09,95.60
11/25/09,96.04
11/27/09,96.40
11/30/09,96.63
12/01/09,95.25
12/02/09,95.33
12/03/09,94.34
12/04/09,93.34
12/07/09,93.46
12/08/09,93.60
12/09/09,93.17
12/10/09,92.10
12/11/09,92.09
12/14/09,92.20
12/15/09,91.79
12/16/09,91.68
12/17/09,93.19
12/18/09,92.79
12/21/09,91.14
12/22/09,90.63
12/23/09,90.65
12/24/09,89.71
12/28/09,89.46
12/29/09,89.73
12/30/09,90.32
12/31/09,89.89
01/04/10,89.81
01/05/10,90.39
01/06/10,89.18
01/07/10,89.33
01/08/10,89.29
01/11/10,88.80
01/12/10,90.32
01/13/10,89.27
01/14/10,90.52
01/15/10,91.08
01/19/10,90.82
01/20/10,91.74
01/21/10,92.16
01/22/10,92.00
01/25/10,91.58
01/26/10,91.61
01/27/10,91.56
01/28/10,91.51
01/29/10,92.31
02/01/10,91.15
02/02/10,91.41
02/03/10,90.35
02/04/10,91.78
02/05/10,91.98
02/08/10,92.10
02/09/10,91.18
02/10/10,90.31
02/11/10,89.82
02/12/10,90.19
02/16/10,90.36
02/17/10,89.33
02/18/10,88.97
02/19/10,89.45
02/22/10,89.08
02/23/10,90.47
02/24/10,90.69
02/25/10,91.20
02/26/10,91.67
03/01/10,91.34
03/02/10,91.22
03/03/10,90.99
03/04/10,91.47
03/05/10,90.27
03/08/10,89.80
03/09/10,89.82
03/10/10,89.59
03/11/10,89.92
03/12/10,90.48
03/15/10,90.36
03/16/10,91.08
03/17/10,91.47
03/18/10,91.17
03/19/10,91.26
03/22/10,91.36
03/23/10,90.93
03/24/10,89.27
03/25/10,88.70
03/26/10,88.95
03/29/10,88.61
03/30/10,88.89
03/31/10,89.50
04/01/10,88.95
04/05/10,87.47
04/06/10,87.61
04/07/10,88.73
04/08/10,88.77
04/09/10,88.98
04/12/10,89.45
04/13/10,89.74
04/14/10,89.11
04/15/10,89.21
04/16/10,89.86
04/19/10,89.64
04/20/10,89.96
04/21/10,90.70
04/22/10,90.43
04/23/10,90.11
04/26/10,90.21
04/27/10,91.48
04/28/10,90.70
04/29/10,91.08
04/30/10,92.13
05/03/10,91.69
05/04/10,93.34
05/05/10,93.89
05/06/10,96.79
05/07/10,95.58
05/10/10,93.60
05/11/10,93.36
05/12/10,92.65
05/13/10,93.26
05/14/10,94.88
05/17/10,94.53
05/18/10,95.98
05/19/10,96.30
05/20/10,98.33
05/21/10,98.43
05/24/10,98.09
05/25/10,98.57
05/26/10,98.29
05/27/10,96.06
05/28/10,96.50
06/01/10,96.85
06/02/10,95.93
06/03/10,95.23
06/04/10,97.79
06/07/10,98.54
06/08/10,98.05
06/09/10,97.94
06/10/10,96.19
06/11/10,97.41
06/14/10,96.91
06/15/10,96.51
06/16/10,97.06
06/17/10,97.85
06/18/10,97.69
06/21/10,97.41
06/22/10,98.57
06/23/10,99.24
06/24/10,98.65
06/25/10,99.05
06/28/10,99.98
06/29/10,101.07
06/30/10,101.75
07/01/10,101.60
07/02/10,100.79
07/06/10,101.62
07/07/10,100.43
07/08/10,99.79
07/09/10,99.22
07/12/10,99.18
07/13/10,98.33
07/14/10,99.32
07/15/10,100.31
07/16/10,100.80
07/19/10,100.18
07/20/10,100.33
07/21/10,102.03
07/22/10,100.85
07/23/10,99.78
07/26/10,99.61
07/27/10,98.65
07/28/10,98.97
07/29/10,98.94
07/30/10,100.48
08/02/10,98.75
08/03/10,99.32
08/04/10,98.56
08/05/10,99.02
08/06/10,100.10
08/09/10,99.73
08/10/10,99.94
08/11/10,101.28
08/12/10,101.03
08/13/10,102.29
08/16/10,104.85
08/17/10,104.25
08/18/10,104.53
08/19/10,106.16
08/20/10,106.04
08/23/10,106.06
08/24/10,107.76
08/25/10,107.41
08/26/10,108.42
08/27/10,105.35
08/30/10,107.37
08/31/10,108.56
09/01/10,106.00
09/02/10,104.88
09/03/10,103.58
09/07/10,105.70
09/08/10,104.86
09/09/10,102.79
09/10/10,102.32
09/13/10,102.83
09/14/10,103.81
09/15/10,102.27
09/16/10,101.26
09/17/10,101.67
09/20/10,102.26
09/21/10,103.68
09/22/10,104.61
09/23/10,104.91
09/24/10,103.50
09/27/10,105.30
09/28/10,106.02
09/29/10,105.58
09/30/10,105.51
10/01/10,104.61
10/04/10,104.88
10/05/10,104.25
10/06/10,105.56
10/07/10,104.68
10/08/10,104.22
10/11/10,104.24
10/12/10,103.21
10/13/10,103.05
10/14/10,101.51
10/15/10,100.27
10/18/10,101.08
10/19/10,101.69
10/20/10,101.91
10/21/10,100.70
10/22/10,101.38
10/25/10,101.67
10/26/10,100.10
10/27/10,99.22
10/28/10,99.49
10/29/10,100.42
11/01/10,99.67
11/02/10,100.98
11/03/10,98.92
11/04/10,99.69
11/05/10,97.98
11/08/10,98.42
11/09/10,96.25
11/10/10,96.38
11/11/10,96.33
11/12/10,95.81
11/15/10,93.81
11/16/10,96.14
11/17/10,95.61
11/18/10,96.00
11/19/10,96.59
11/22/10,97.00
11/23/10,97.48
11/24/10,95.74
11/26/10,97.02
11/29/10,97.90
11/30/10,98.41
12/01/10,95.89
12/02/10,95.64
12/03/10,94.89
12/06/10,96.23
12/07/10,94.17
12/08/10,93.26
12/09/10,93.72
12/10/10,93.15
12/13/10,93.50
12/14/10,92.14
12/15/10,90.94
12/16/10,91.57
12/17/10,93.24
12/20/10,93.14
12/21/10,93.79
12/22/10,93.12
12/23/10,92.93
12/27/10,93.76
12/28/10,91.61
12/29/10,93.16
12/30/10,93.09
12/31/10,94.12
01/03/11,93.41
01/04/11,93.52
01/05/11,91.46
01/06/11,91.86
01/07/11,92.35
01/10/11,92.85
01/11/11,92.33
01/12/11,91.61
01/13/11,92.43
01/14/11,91.84
01/18/11,91.41
01/19/11,92.07
01/20/11,90.80
01/21/11,91.52
01/24/11,91.56
01/25/11,92.43
01/26/11,91.03
01/27/11,91.44
01/28/11,91.92
01/31/11,91.22
02/01/11,90.45
02/02/11,90.47
02/03/11,89.72
02/04/11,88.81
02/07/11,89.27
02/08/11,88.45
02/09/11,89.22
02/10/11,88.19
02/11/11,89.46
02/14/11,89.52
02/15/11,89.92
02/16/11,89.63
02/17/11,89.77
02/18/11,89.49
02/22/11,90.83
02/23/11,91.16
02/24/11,91.74
02/25/11,92.28
02/28/11,92.40
03/01/11,92.37
03/02/11,90.95
03/03/11,90.06
03/04/11,90.81
03/07/11,90.23
03/08/11,89.68
03/09/11,90.55
03/10/11,92.08
03/11/11,91.55
03/14/11,91.51
03/15/11,92.88
03/16/11,93.93
03/17/11,93.21
03/18/11,93.46
03/21/11,92.91
03/22/11,93.22
03/23/11,93.10
03/24/11,92.40
03/25/11,92.17
03/28/11,92.30
03/29/11,91.59
03/30/11,92.32
03/31/11,92.13
04/01/11,92.19
04/04/11,92.29
04/05/11,91.92
04/06/11,90.54
04/07/11,90.36
04/08/11,89.88
04/11/11,89.96
04/12/11,90.93
04/13/11,91.50
04/14/11,91.43
04/15/11,92.67
04/18/11,92.88
04/19/11,93.28
04/20/11,92.68
04/21/11,92.60
04/25/11,92.95
04/26/11,93.85
04/27/11,92.89
04/28/11,93.60
04/29/11,93.89
05/02/11,93.64
05/03/11,94.17
05/04/11,94.59
05/05/11,95.49
05/06/11,95.07
05/09/11,94.97
05/10/11,94.29
05/11/11,94.83
05/12/11,94.23
05/13/11,95.08
05/16/11,95.61
05/17/11,96.59
05/18/11,95.31
05/19/11,95.27
05/20/11,95.32
05/23/11,95.78
05/24/11,96.14
05/25/11,95.69
05/26/11,96.51
05/27/11,96.47
05/31/11,96.69
06/01/11,97.64
06/02/11,95.78
06/03/11,96.33
06/06/11,95.60
06/07/11,96.04
06/08/11,96.79
06/09/11,96.40
06/10/11,97.14
06/13/11,96.65
06/14/11,95.19
06/15/11,96.92
06/16/11,97.36
06/17/11,96.90
06/20/11,97.02
06/21/11,96.59
06/22/11,96.65
06/23/11,97.39
06/24/11,96.98
06/27/11,95.65
06/28/11,94.88
06/29/11,94.25
06/30/11,94.10
07/01/11,93.63
07/05/11,93.84
07/06/11,94.32
07/07/11,94.04
07/08/11,95.37
07/11/11,96.80
07/12/11,97.13
07/13/11,97.40
07/14/11,96.01
07/15/11,96.17
07/18/11,95.24
07/19/11,97.22
07/20/11,96.07
07/21/11,95.33
07/22/11,96.05
07/25/11,95.00
07/26/11,95.65
07/27/11,95.66
07/28/11,96.02
07/29/11,97.92
08/01/11,98.58
08/02/11,101.54
08/03/11,101.74
08/04/11,105.36
08/05/11,102.32
08/08/11,105.55
08/09/11,105.87
08/10/11,109.02
08/11/11,103.52
08/12/11,105.57
08/15/11,104.50
08/16/11,106.23
08/17/11,108.09
08/18/11,110.31
08/19/11,111.20
08/22/11,110.92
08/23/11,109.39
08/24/11,106.28
08/25/11,107.43
08/26/11,108.49
08/29/11,106.99
08/30/11,108.71
08/31/11,107.03
09/01/11,108.97
09/02/11,112.51
09/06/11,113.68
09/07/11,111.51
09/08/11,112.51
09/09/11,113.71
09/12/11,113.83
09/13/11,112.21
09/14/11,113.16
09/15/11,111.43
09/16/11,112.24
09/19/11,114.38
09/20/11,114.86
09/21/11,118.66
09/22/11,123.12
09/23/11,120.83
09/26/11,118.89
09/27/11,117.07
09/28/11,117.03
09/29/11,117.84
09/30/11,120.80
10/03/11,123.81
10/04/11,122.24
10/05/11,121.36
10/06/11,119.12
10/07/11,118.24
10/10/11,116.57
10/11/11,116.18
10/12/11,114.49
10/13/11,115.63
10/14/11,113.95
10/17/11,115.92
10/18/11,115.20
10/19/11,115.16
10/20/11,114.34
10/21/11,113.13
10/24/11,113.32
10/25/11,116.20
10/26/11,114.17
10/27/11,110.30
10/28/11,111.46
10/31/11,115.88
11/01/11,119.45
11/02/11,117.96
11/03/11,116.34
11/04/11,116.48
11/07/11,117.22
11/08/11,115.72
11/09/11,118.12
11/10/11,116.36
11/11/11,115.65
11/14/11,117.51
11/15/11,117.35
11/16/11,118.42
11/17/11,119.37
11/18/11,119.34
11/21/11,120.05
11/22/11,121.39
11/23/11,122.58
11/25/11,120.80
11/28/11,120.74
11/29/11,119.75
11/30/11,117.88
12/01/11,117.00
12/02/11,118.64
12/05/11,118.40
12/06/11,117.27
12/07/11,117.69
12/08/11,119.16
12/09/11,116.71
12/12/11,118.01
12/13/11,119.11
12/14/11,121.36
12/15/11,120.91
12/16/11,122.32
12/19/11,123.87
12/20/11,120.78
12/21/11,119.10
12/22/11,119.60
12/23/11,118.27
12/27/11,118.45
12/28/11,120.64
12/29/11,120.86
12/30/11,121.25
01/03/12,119.43
01/04/12,118.01
01/05/12,117.80
01/06/12,118.73
01/09/12,118.52
01/10/12,118.32
01/11/12,119.86
01/12/12,119.69
01/13/12,120.88
01/17/12,121.44
01/18/12,119.97
01/19/12,118.32
01/20/12,116.98
01/23/12,116.24
01/24/12,116.45
01/25/12,116.17
01/26/12,117.71
01/27/12,118.08
01/30/12,119.47
01/31/12,120.85
02/01/12,119.18
02/02/12,119.13
02/03/12,116.57
02/06/12,117.73
02/07/12,116.27
02/08/12,116.36
02/09/12,115.49
02/10/12,116.99
02/13/12,117.14
02/14/12,117.76
02/15/12,117.55
02/16/12,116.61
02/17/12,116.58
02/21/12,115.29
02/22/12,116.74
02/23/12,116.74
02/24/12,117.50
02/27/12,118.54
02/28/12,118.15
02/29/12,117.43
03/01/12,116.06
03/02/12,117.15
03/05/12,116.22
03/06/12,117.63
03/07/12,116.91
03/08/12,115.74
03/09/12,115.97
03/12/12,115.95
03/13/12,113.91
03/14/12,111.04
03/15/12,111.21
03/16/12,111.43
03/19/12,110.10
03/20/12,110.54
03/21/12,111.79
03/22/12,112.15
03/23/12,113.21
03/26/12,112.63
03/27/12,113.44
03/28/12,113.28
03/29/12,114.13
03/30/12,112.20
04/02/12,112.53
04/03/12,110.58
04/04/12,112.10
04/05/12,112.91
04/09/12,115.55
04/10/12,116.86
04/11/12,115.46
04/12/12,114.98
04/13/12,116.84
04/16/12,116.67
04/17/12,116.60
04/18/12,116.94
04/19/12,117.05
04/20/12,117.07
04/23/12,117.92
04/24/12,117.09
04/25/12,116.49
04/26/12,117.19
04/27/12,117.29
04/30/12,117.32
05/01/12,116.43
05/02/12,117.25
05/03/12,117.22
05/04/12,118.14
05/07/12,118.16
05/08/12,118.79
05/09/12,118.87
05/10/12,118.52
05/11/12,119.50
05/14/12,121.17
05/15/12,121.66
05/16/12,122.01
05/17/12,124.17
05/18/12,124.20
05/21/12,123.94
05/22/12,122.56
05/23/12,123.41
05/24/12,122.94
05/25/12,123.40
05/29/12,123.02
05/30/12,126.14
05/31/12,127.60
06/01/12,130.36
06/04/12,129.33
06/05/12,127.60
06/06/12,125.05
06/07/12,125.24
06/08/12,125.21
06/11/12,125.78
06/12/12,124.63
06/13/12,125.86
06/14/12,125.70
06/15/12,126.40
06/18/12,127.08
06/19/12,125.42
06/20/12,126.04
06/21/12,126.71
06/22/12,125.02
06/25/12,126.84
06/26/12,126.34
06/27/12,126.54
06/28/12,126.85
06/29/12,125.20
07/02/12,126.22
07/03/12,125.25
07/05/12,125.89
07/06/12,127.06
07/09/12,128.18
07/10/12,128.44
07/11/12,128.60
07/12/12,129.51
07/13/12,129.17
07/16/12,129.77
07/17/12,128.75
07/18/12,128.82
07/19/12,128.49
07/20/12,130.06
07/23/12,130.79
07/24/12,131.82
07/25/12,132.16
07/26/12,130.95
07/27/12,128.48
07/30/12,129.44
07/31/12,129.70
08/01/12,128.78
08/02/12,129.51
08/03/12,127.42
08/06/12,127.47
08/07/12,125.83
08/08/12,125.16
08/09/12,125.07
08/10/12,125.70
08/13/12,125.49
08/14/12,123.79
08/15/12,122.05
08/16/12,121.01
08/17/12,121.60
08/20/12,121.85
08/21/12,122.39
08/22/12,124.41
08/23/12,124.93
08/24/12,124.81
08/27/12,125.54
08/28/12,125.84
08/29/12,125.29
08/30/12,125.94
08/31/12,127.72
09/04/12,127.32
09/05/12,126.72
09/06/12,124.61
09/07/12,124.03
09/10/12,124.33
09/11/12,123.55
09/12/12,122.01
09/13/12,121.53
09/14/12,118.30
09/17/12,119.72
09/18/12,120.32
09/19/12,121.11
09/20/12,121.41
09/21/12,121.55
09/24/12,122.50
09/25/12,123.71
09/26/12,125.04
09/27/12,124.15
09/28/12,124.22
10/01/12,124.42
10/02/12,124.25
10/03/12,124.29
10/04/12,122.74
10/05/12,121.15
10/08/12,122.17
10/09/12,121.95
10/10/12,122.81
10/11/12,123.66
10/12/12,123.97
10/15/12,123.69
10/16/12,121.98
10/17/12,120.85
10/18/12,120.11
10/19/12,121.74
10/22/12,120.96
10/23/12,122.69
10/24/12,121.48
10/25/12,120.86
10/26/12,122.64
10/31/12,123.36
11/01/12,122.35
11/02/12,122.26
11/05/12,122.95
11/06/12,121.79
11/07/12,124.00
11/08/12,125.84
11/09/12,125.98
11/12/12,126.19
11/13/12,126.61
11/14/12,126.73
11/15/12,126.48
11/16/12,126.37
11/19/12,125.66
11/20/12,124.40
11/21/12,124.33
11/23/12,124.21
11/26/12,124.80
11/27/12,125.29
11/28/12,125.11
11/29/12,125.13
11/30/12,124.79
12/03/12,124.66
12/04/12,125.38
12/05/12,125.32
12/06/12,125.59
12/07/12,124.43
12/10/12,124.98
12/11/12,124.03
12/12/12,122.59
12/13/12,122.68
12/14/12,123.60
12/17/12,121.75
12/18/12,120.51
12/19/12,120.91
12/20/12,120.93
12/21/12,122.25
12/24/12,122.03
12/26/12,122.20
12/27/12,122.61
12/28/12,123.31
12/31/12,121.18
01/02/13,119.56
01/03/13,117.94
01/04/13,118.40
01/07/13,118.45
01/08/13,119.23
01/09/13,119.12
01/10/13,118.79
01/11/13,119.85
01/14/13,119.52
01/15/13,120.07
01/16/13,120.32
01/17/13,119.12
01/18/13,120.04
01/22/13,120.27
01/23/13,120.09
01/24/13,119.67
01/25/13,118.03
01/28/13,117.60
01/29/13,116.95
01/30/13,116.75
01/31/13,117.32
02/01/13,115.54
02/04/13,117.02
02/05/13,115.98
02/06/13,116.93
02/07/13,116.67
02/08/13,117.12
02/11/13,117.03
02/12/13,116.74
02/13/13,115.79
02/14/13,116.84
02/15/13,116.50
02/19/13,115.92
02/20/13,116.27
02/21/13,116.95
02/22/13,117.03
02/25/13,119.33
02/26/13,118.64
02/27/13,118.29
02/28/13,118.51
03/01/13,118.90
03/04/13,118.27
03/05/13,117.93
03/06/13,116.86
03/07/13,115.96
03/08/13,114.75
03/11/13,114.86
03/12/13,115.69
03/13/13,115.57
03/14/13,115.22
03/15/13,115.76
03/18/13,116.64
03/19/13,117.43
03/20/13,116.12
03/21/13,117.24
03/22/13,117.33
03/25/13,117.22
03/26/13,117.36
03/27/13,118.36
03/28/13,117.76
04/01/13,118.39
04/02/13,117.91
04/03/13,118.97
04/04/13,120.39
04/05/13,122.82
04/08/13,121.88
04/09/13,121.58
04/10/13,119.91
04/11/13,120.14
04/12/13,121.93
04/15/13,122.99
04/16/13,121.98
04/17/13,122.79
04/18/13,123.09
04/19/13,122.83
04/22/13,122.92
04/23/13,122.49
04/24/13,122.80
04/25/13,122.27
04/26/13,123.39
04/29/13,122.94
04/30/13,123.01
05/01/13,124.01
05/02/13,123.85
05/03/13,120.93
05/06/13,120.63
05/07/13,120.16
05/08/13,120.35
05/09/13,120.04
05/10/13,118.75
05/13/13,117.84
05/14/13,116.56
05/15/13,117.34
05/16/13,118.56
05/17/13,117.06
05/20/13,116.92
05/21/13,117.84
05/22/13,116.09
05/23/13,116.64
05/24/13,116.80
05/28/13,113.84
05/29/13,115.12
05/30/13,114.84
05/31/13,114.45
06/03/13,114.78
06/04/13,113.72
06/05/13,115.29
06/06/13,115.22
06/07/13,113.16
06/10/13,112.62
06/11/13,113.96
06/12/13,112.33
06/13/13,114.09
06/14/13,113.82
06/17/13,113.22
06/18/13,113.28
06/19/13,112.11
06/20/13,110.27
06/21/13,108.40
06/24/13,108.85
06/25/13,107.88
06/26/13,108.58
06/27/13,109.69
06/28/13,110.44
07/01/13,110.41
07/02/13,110.34
07/03/13,110.01
07/05/13,106.26
07/08/13,107.29
07/09/13,107.40
07/10/13,106.56
07/11/13,107.81
07/12/13,107.72
07/15/13,108.29
07/16/13,108.66
07/17/13,108.86
07/18/13,107.50
07/19/13,109.20
07/22/13,109.36
07/23/13,108.90
07/24/13,107.52
07/25/13,107.48
07/26/13,108.14
07/29/13,107.35
07/30/13,107.31
07/31/13,107.70
08/01/13,105.36
08/02/13,106.52
08/05/13,105.70
08/06/13,106.01
08/07/13,106.80
08/08/13,107.09
08/09/13,107.26
08/12/13,106.53
08/13/13,104.99
08/14/13,105.15
08/15/13,103.73
08/16/13,103.37
08/19/13,102.47
08/20/13,103.26
08/21/13,102.13
08/22/13,103.17
08/23/13,104.29
08/26/13,104.81
08/27/13,106.13
08/28/13,105.27
08/29/13,106.11
08/30/13,105.99
09/03/13,104.22
09/04/13,103.99
09/05/13,102.54
09/06/13,103.05
09/09/13,103.10
09/10/13,102.38
09/11/13,103.29
09/12/13,103.15
09/13/13,103.55
09/16/13,102.86
09/17/13,103.71
09/18/13,104.99
09/19/13,104.37
09/20/13,104.93
09/23/13,105.69
09/24/13,106.83
09/25/13,107.05
09/26/13,106.30
09/27/13,106.56
09/30/13,106.40
10/01/13,105.80
10/02/13,105.96
10/03/13,105.79
10/04/13,105.71
10/07/13,106.14
10/08/13,106.17
10/09/13,105.32
10/10/13,105.49
10/11/13,105.46
10/14/13,104.61
10/15/13,104.54
10/16/13,105.85
10/17/13,106.81
10/18/13,107.04
10/21/13,106.70
10/22/13,107.89
10/23/13,108.31
10/24/13,107.89
10/25/13,108.29
10/28/13,107.92
10/29/13,108.06
10/30/13,107.41
10/31/13,107.64
11/01/13,106.19
11/04/13,106.29
11/05/13,105.02
11/06/13,105.07
11/07/13,105.96
11/08/13,103.41
11/11/13,103.02
11/12/13,103.50
11/13/13,103.88
11/14/13,104.52
11/15/13,104.73
11/18/13,105.36
11/19/13,104.56
11/20/13,102.78
11/21/13,102.95
11/22/13,103.91
11/25/13,104.21
11/26/13,104.60
11/27/13,104.42
11/29/13,104.45
12/02/13,103.33
12/03/13,103.71
12/04/13,102.72
12/05/13,102.43
12/06/13,102.92
12/09/13,103.16
12/10/13,103.90
12/11/13,103.10
12/12/13,102.71
12/13/13,103.21
12/16/13,102.83
12/17/13,103.29
12/18/13,102.77
12/19/13,102.67
12/20/13,104.25
12/23/13,103.66
12/24/13,102.83
12/26/13,102.10
12/27/13,101.81
12/30/13,102.51
12/31/13,101.86
01/02/14,102.17
01/03/14,102.17
01/06/14,102.60
01/07/14,102.86
01/08/14,102.58
01/09/14,103.18
01/10/14,104.41
01/13/14,104.93
01/14/14,104.45
01/15/14,104.34
01/16/14,105.04
01/17/14,105.48
01/21/14,105.56
01/22/14,105.30
01/23/14,106.79
01/24/14,107.48
01/27/14,106.73
01/28/14,106.99
01/29/14,107.87
01/30/14,107.56
01/31/14,108.28
02/03/14,109.32
02/04/14,108.16
02/05/14,107.16
02/06/14,106.70
02/07/14,106.79
02/10/14,107.09
02/11/14,106.47
02/12/14,105.92
02/13/14,106.52
02/14/14,106.58
02/18/14,106.82
02/19/14,106.37
02/20/14,106.11
02/21/14,106.67
02/24/14,106.40
02/25/14,107.35
02/26/14,107.92
02/27/14,108.51
02/28/14,108.57
03/03/14,109.03
03/04/14,107.39
03/05/14,107.62
03/06/14,106.56
03/07/14,105.89
03/10/14,106.04
03/11/14,106.32
03/12/14,107.06
03/13/14,108.50
03/14/14,108.52
03/17/14,107.71
03/18/14,108.10
03/19/14,107.26
03/20/14,107.07
03/21/14,108.23
03/24/14,109.00
03/25/14,108.59
03/26/14,109.44
03/27/14,109.99
03/28/14,109.37
03/31/14,109.10
04/01/14,107.89
04/02/14,107.27
04/03/14,107.74
04/04/14,108.46
04/07/14,109.11
04/08/14,109.37
04/09/14,108.83
04/10/14,109.84
04/11/14,110.73
04/14/14,110.44
04/15/14,111.13
04/16/14,111.27
04/17/14,110.05
04/21/14,109.96
04/22/14,110.33
04/23/14,110.96
04/24/14,111.17
04/25/14,111.33
04/28/14,110.79
04/29/14,110.64
04/30/14,111.10
05/01/14,112.02
05/02/14,112.71
05/05/14,112.03
05/06/14,112.48
05/07/14,112.08
05/08/14,111.60
05/09/14,111.24
05/12/14,110.79
05/13/14,111.75
05/14/14,112.96
05/15/14,113.86
05/16/14,113.54
05/19/14,112.70
05/20/14,112.95
05/21/14,112.26
05/22/14,112.10
05/23/14,112.70
05/27/14,113.36
05/28/14,114.76
05/29/14,114.15
05/30/14,114.10
06/02/14,112.96
06/03/14,111.57
06/04/14,111.54
06/05/14,111.59
06/06/14,111.59
06/09/14,111.43
06/10/14,111.02
06/11/14,111.22
06/12/14,112.21
06/13/14,112.15
06/16/14,112.43
06/17/14,111.54
06/18/14,112.40
06/19/14,110.96
06/20/14,111.80
06/23/14,111.45
06/24/14,112.58
06/25/14,112.87
06/26/14,113.41
06/27/14,113.24
06/30/14,113.52
07/01/14,112.28
07/02/14,111.08
07/03/14,110.68
07/07/14,111.49
07/08/14,112.74
07/09/14,112.83
07/10/14,112.86
07/11/14,113.58
07/14/14,113.09
07/15/14,112.86
07/16/14,113.46
07/17/14,114.89
07/18/14,114.52
07/21/14,115.09
07/22/14,115.33
07/23/14,115.18
07/24/14,114.32
07/25/14,115.67
07/28/14,115.51
07/29/14,115.93
07/30/14,114.32
07/31/14,113.98
08/01/14,114.56
08/04/14,114.26
08/05/14,114.63
08/06/14,114.70
08/07/14,115.77
08/08/14,115.52
08/11/14,115.51
08/12/14,114.76
08/13/14,115.51
08/14/14,116.44
08/15/14,117.71
08/18/14,116.54
08/19/14,116.18
08/20/14,115.99
08/21/14,116.64
08/22/14,117.29
08/25/14,117.73
08/26/14,117.35
08/27/14,118.35
08/28/14,118.97
08/29/14,119.05
09/02/14,116.73
09/03/14,117.38
09/04/14,115.95
09/05/14,115.73
09/08/14,115.78
09/09/14,115.69
09/10/14,114.96
09/11/14,114.58
09/12/14,113.38
09/15/14,113.55
09/16/14,113.09
09/17/14,112.80
09/18/14,113.16
09/19/14,114.60
09/22/14,114.74
09/23/14,115.45
09/24/14,114.81
09/25/14,116.17
09/26/14,116.00
09/29/14,116.93
09/30/14,116.27
10/01/14,118.23
10/02/14,117.20
10/03/14,117.70
10/06/14,117.77
10/07/14,119.36
10/08/14,119.39
10/09/14,118.87
10/10/14,120.05
10/13/14,120.78
10/14/14,121.57
10/15/14,122.53
10/16/14,121.75
10/17/14,121.07
10/20/14,121.51
10/21/14,120.54
10/22/14,120.67
10/23/14,119.60
10/24/14,119.72
10/27/14,119.94
10/28/14,119.19
10/29/14,119.46
10/30/14,119.56
10/31/14,119.25
11/03/14,118.96
11/04/14,119.33
11/05/14,119.16
11/06/14,118.39
11/07/14,119.75
11/10/14,118.65
11/11/14,118.73
11/12/14,118.63
11/13/14,118.91
11/14/14,119.49
11/17/14,119.19
11/18/14,119.52
11/19/14,118.76
11/20/14,119.38
11/21/14,120.10
11/24/14,120.20
11/25/14,121.20
11/26/14,121.53
11/28/14,122.49
12/01/14,121.50
12/02/14,120.32
12/03/14,120.79
12/04/14,121.80
12/05/14,121.09
12/08/14,122.57
12/09/14,123.20
12/10/14,124.10
12/11/14,124.61
12/12/14,126.30
12/15/14,126.04
12/16/14,127.60
12/17/14,126.45
12/18/14,124.20
12/19/14,125.87
12/22/14,126.04
12/23/14,123.54
12/24/14,123.95
12/26/14,124.41
12/29/14,125.34
12/30/14,125.68
12/31/14,125.92
01/02/15,127.32
01/05/15,129.32
01/06/15,131.65
01/07/15,131.39
01/08/15,129.65
01/09/15,131.07
01/12/15,131.82
01/13/15,131.82
01/14/15,132.82
01/15/15,134.91
01/16/15,133.19
01/20/15,134.96
01/21/15,133.40
01/22/15,132.92
01/23/15,134.77
01/26/15,134.36
01/27/15,134.57
01/28/15,136.77
01/29/15,135.87
01/30/15,138.28
02/02/15,137.48
02/03/15,134.57
02/04/15,134.80
02/05/15,133.32
02/06/15,130.96
02/09/15,130.75
02/10/15,129.71
02/11/15,129.95
02/12/15,129.52
02/13/15,128.19
02/17/15,126.26
02/18/15,127.01
02/19/15,126.17
02/20/15,126.54
02/23/15,127.99
02/24/15,129.67
02/25/15,130.23
02/26/15,128.45
02/27/15,129.53
03/02/15,126.87
03/03/15,126.41
03/04/15,126.45
03/05/15,126.29
03/06/15,123.50
03/09/15,124.64
03/10/15,126.28
03/11/15,127.20
03/12/15,127.11
03/13/15,126.72
03/16/15,127.94
03/17/15,129.00
03/18/15,131.49
03/19/15,130.82
03/20/15,131.51
03/23/15,131.35
03/24/15,132.62
03/25/15,131.50
03/26/15,129.45
03/27/15,131.06
03/30/15,130.41
03/31/15,130.69
04/01/15,132.13
04/02/15,130.73
04/06/15,130.00
04/07/15,131.09
04/08/15,131.13
04/09/15,129.43
04/10/15,129.62
04/13/15,129.80
04/14/15,130.72
04/15/15,130.61
04/16/15,129.96
04/17/15,131.45
04/20/15,130.29
04/21/15,129.70
04/22/15,127.72
04/23/15,128.27
04/24/15,129.07
04/27/15,129.07
04/28/15,127.29
04/29/15,125.73
04/30/15,125.95
05/01/15,124.00
05/04/15,122.83
05/05/15,122.66
05/06/15,120.56
05/07/15,122.18
05/08/15,122.51
05/11/15,119.53
05/12/15,119.84
05/13/15,118.88
05/14/15,119.20
05/15/15,121.59
05/18/15,119.55
05/19/15,118.49
05/20/15,118.69
05/21/15,120.35
05/22/15,120.40
05/26/15,122.46
05/27/15,122.74
05/28/15,122.44
05/29/15,122.71
06/01/15,121.13
06/02/15,119.44
06/03/15,117.52
06/04/15,119.05
06/05/15,117.60
06/08/15,117.47
06/09/15,116.54
06/10/15,115.52
06/11/15,117.95
06/12/15,117.95
06/15/15,118.14
06/16/15,119.07
06/17/15,118.15
06/18/15,117.57
06/19/15,119.08
06/22/15,116.65
06/23/15,115.95
06/24/15,116.95
06/25/15,116.54
06/26/15,115.23
06/29/15,118.28
06/30/15,117.46
07/01/15,115.62
07/02/15,116.00
07/06/15,118.15
07/07/15,119.26
07/08/15,120.29
07/09/15,117.92
07/10/15,116.05
07/13/15,115.69
07/14/15,116.07
07/15/15,117.30
07/16/15,118.11
07/17/15,118.72
07/20/15,118.22
07/21/15,118.86
07/22/15,119.60
07/23/15,121.09
07/24/15,121.39
07/27/15,122.04
07/28/15,121.15
07/29/15,120.70
07/30/15,121.63
07/31/15,122.53
08/03/15,123.55
08/04/15,122.57
08/05/15,121.65
08/06/15,122.73
08/07/15,124.34
08/10/15,122.80
08/11/15,124.75
08/12/15,124.07
08/13/15,123.67
08/14/15,123.96
08/17/15,124.52
08/18/15,123.54
08/19/15,124.76
08/20/15,126.02
08/21/15,126.40
08/24/15,126.36
08/25/15,124.33
08/26/15,121.93
08/27/15,122.00
08/28/15,122.36
08/31/15,121.42
09/01/15,122.03
09/02/15,120.98
09/03/15,121.57
09/04/15,122.68
09/08/15,120.87
09/09/15,121.45
09/10/15,120.63
09/11/15,121.39
09/14/15,121.58
09/15/15,119.25
09/16/15,118.80
09/17/15,120.25
09/18/15,122.10
09/21/15,120.11
09/22/15,121.78
09/23/15,121.77
09/24/15,122.60
09/25/15,121.54
09/28/15,123.62
09/29/15,123.97
09/30/15,123.54
10/01/15,123.81
10/02/15,124.56
10/05/15,122.87
10/06/15,123.40
10/07/15,122.99
10/08/15,121.96
10/09/15,122.28
10/12/15,123.21
10/13/15,123.42
10/14/15,124.50
10/15/15,123.89
10/16/15,123.93
10/19/15,123.59
10/20/15,122.83
10/21/15,124.05
10/22/15,124.26
10/23/15,123.20
10/26/15,124.02
10/27/15,124.33
10/28/15,123.83
10/29/15,121.86
10/30/15,122.78
11/02/15,121.95
11/03/15,120.95
11/04/15,121.09
11/05/15,120.77
11/06/15,119.00
11/09/15,118.33
11/10/15,118.68
11/11/15,118.43
11/12/15,119.00
11/13/15,119.68
11/16/15,119.57
11/17/15,119.77
11/18/15,120.02
11/19/15,120.82
11/20/15,120.45
11/23/15,120.82
11/24/15,120.81
11/25/15,121.09
11/27/15,120.97
11/30/15,121.45
12/01/15,122.83
12/02/15,122.87
12/03/15,119.53
12/04/15,120.58
12/07/15,121.75
12/08/15,121.81
12/09/15,121.68
12/10/15,121.84
12/11/15,123.76
12/14/15,122.16
12/15/15,121.44
12/16/15,121.18
12/17/15,122.55
12/18/15,123.23
12/21/15,123.20
12/22/15,122.31
12/23/15,121.39
12/24/15,121.83
12/28/15,122.19
12/29/15,120.16
12/30/15,120.04
12/31/15,120.58
01/04/16,121.45
01/05/16,120.96
01/06/16,122.59
01/07/16,122.81
01/08/16,123.36
01/11/16,122.01
01/12/16,123.77
01/13/16,124.99
01/14/16,123.82
01/15/16,125.75
01/19/16,125.36
01/20/16,126.68
01/21/16,125.82
01/22/16,125.34
01/25/16,126.02
01/26/16,126.08
01/27/16,126.05
01/28/16,126.23
01/29/16,127.30
02/01/16,126.67
02/02/16,129.02
02/03/16,127.95
02/04/16,128.57
02/05/16,128.72
02/08/16,131.49
02/09/16,131.63
02/10/16,132.79
02/11/16,133.72
02/12/16,131.50
02/16/16,130.11
02/17/16,129.31
02/18/16,130.90
02/19/16,131.01
02/22/16,130.94
02/23/16,131.47
02/24/16,131.21
02/25/16,131.68
02/26/16,130.41
02/29/16,130.98
03/01/16,128.43
03/02/16,128.96
03/03/16,129.43
03/04/16,128.60
03/07/16,128.56
03/08/16,129.98
03/09/16,129.19
03/10/16,128.66
03/11/16,127.36
03/14/16,127.76
03/15/16,127.88
03/16/16,128.26
03/17/16,128.79
03/18/16,129.06
03/21/16,128.07
03/22/16,128.04
03/23/16,129.49
03/24/16,129.54
03/28/16,129.71
03/29/16,131.07
03/30/16,129.69
03/31/16,130.61
04/01/16,130.68
04/04/16,130.76
04/05/16,132.19
04/06/16,131.23
04/07/16,132.85
04/08/16,132.01
04/11/16,131.84
04/12/16,130.93
04/13/16,131.39
04/14/16,130.76
04/15/16,131.88
04/18/16,131.31
04/19/16,130.90
04/20/16,129.46
04/21/16,128.69
04/22/16,128.36
04/25/16,127.83
04/26/16,127.25
04/27/16,128.52
04/28/16,129.05
04/29/16,129.38
05/02/16,127.82
05/03/16,129.43
05/04/16,130.14
05/05/16,131.01
05/06/16,130.45
05/09/16,130.86
05/10/16,130.87
05/11/16,131.61
05/12/16,131.01
05/13/16,132.28
05/16/16,131.14
05/17/16,131.36
05/18/16,129.49
05/19/16,130.05
05/20/16,130.15
05/23/16,130.44
05/24/16,129.86
05/25/16,129.37
05/26/16,130.04
05/27/16,129.85
05/31/16,130.16
06/01/16,130.42
06/02/16,131.36
06/03/16,133.23
06/06/16,132.24
06/07/16,132.56
06/08/16,133.27
06/09/16,134.13
06/10/16,134.78
06/13/16,135.38
06/14/16,135.28
06/15/16,135.80
06/16/16,136.46
06/17/16,135.61
06/20/16,134.16
06/21/16,133.54
06/22/16,133.76
06/23/16,132.23
06/24/16,135.78
06/27/16,139.17
06/28/16,139.46
06/29/16,138.39
06/30/16,138.90
07/01/16,140.57
07/05/16,142.33
07/06/16,142.56
07/07/16,142.55
07/08/16,143.60
07/11/16,142.34
07/12/16,140.00
07/13/16,141.65
07/14/16,139.59
07/15/16,138.39
07/18/16,138.26
07/19/16,139.04
07/20/16,138.28
07/21/16,138.56
07/22/16,138.80
07/25/16,138.70
07/26/16,138.92
07/27/16,140.65
07/28/16,140.39
07/29/16,141.56
08/01/16,139.77
08/02/16,138.33
08/03/16,138.41
08/04/16,139.45
08/05/16,138.00
08/08/16,138.26
08/09/16,139.62
08/10/16,140.16
08/11/16,138.91
08/12/16,140.08
08/15/16,138.76
08/16/16,138.39
08/17/16,139.22
08/18/16,139.44
08/19/16,138.71
08/22/16,139.88
08/23/16,140.03
08/24/16,139.70
08/25/16,139.17
08/26/16,138.36
08/29/16,140.21
08/30/16,139.67
08/31/16,139.87
09/01/16,139.77
09/02/16,138.63
09/06/16,139.64
09/07/16,139.54
09/08/16,137.79
09/09/16,135.52
09/12/16,135.59
09/13/16,134.05
09/14/16,134.25
09/15/16,133.67
09/16/16,134.75
09/19/16,134.31
09/20/16,134.78
09/21/16,135.87
09/22/16,136.95
09/23/16,136.82
09/26/16,137.69
09/27/16,138.70
09/28/16,138.40
09/29/16,138.75
09/30/16,137.51
10/03/16,136.81
10/04/16,135.21
10/05/16,134.58
10/06/16,133.83
10/07/16,133.92
10/10/16,133.13
10/11/16,132.83
10/12/16,132.96
10/13/16,133.46
10/14/16,131.59
10/17/16,132.43
10/18/16,132.86
10/19/16,132.97
10/20/16,133.11
10/21/16,133.31
10/24/16,132.73
10/25/16,133.08
10/26/16,132.18
10/27/16,130.74
10/28/16,130.45
10/31/16,131.25
11/01/16,131.01
11/02/16,131.58
11/03/16,130.57
11/04/16,131.74
11/07/16,130.62
11/08/16,130.09
11/09/16,124.57
11/10/16,122.73
11/11/16,122.04
11/14/16,121.31
11/15/16,121.91
11/16/16,123.01
11/17/16,121.20
11/18/16,120.85
11/21/16,121.15
11/22/16,121.11
11/23/16,120.64
11/25/16,120.82
11/28/16,121.71
11/29/16,122.22
11/30/16,120.24
12/01/16,118.73
12/02/16,119.60
12/05/16,119.47
12/06/16,119.38
12/07/16,120.40
12/08/16,118.98
12/09/16,117.50
12/12/16,117.72
12/13/16,118.14
12/14/16,116.82
12/15/16,117.41
12/16/16,117.14
12/19/16,118.40
12/20/16,117.81
12/21/16,118.33
12/22/16,117.81
12/23/16,118.05
12/27/16,117.67
12/28/16,118.53
12/29/16,118.95
12/30/16,119.13
01/03/17,119.64
01/04/17,120.10
01/05/17,121.98
01/06/17,120.86
01/09/17,121.83
01/10/17,121.75
01/11/17,122.16
01/12/17,121.89
01/13/17,121.31
01/17/17,122.58
01/18/17,121.01
01/19/17,120.18
01/20/17,119.94
01/23/17,121.14
01/24/17,120.31
01/25/17,118.80
01/26/17,119.20
01/27/17,119.63
01/30/17,119.27
01/31/17,120.10
02/01/17,119.10
02/02/17,119.05
02/03/17,119.00
02/06/17,119.72
02/07/17,120.60
02/08/17,122.24
02/09/17,120.83
02/10/17,120.76
02/13/17,120.38
02/14/17,119.51
02/15/17,118.96
02/16/17,119.61
02/17/17,120.32
02/21/17,120.11
02/22/17,120.31
02/23/17,120.67
02/24/17,122.01
02/27/17,121.29
02/28/17,121.74
03/01/17,119.47
03/02/17,119.04
03/03/17,119.35
03/06/17,118.78
03/07/17,118.42
03/08/17,117.78
03/09/17,116.84
03/10/17,117.25
03/13/17,116.51
03/14/17,117.07
03/15/17,118.50
03/16/17,117.90
03/17/17,118.64
03/20/17,119.15
03/21/17,120.14
03/22/17,120.62
03/23/17,120.45
03/24/17,120.88
03/27/17,121.43
03/28/17,120.62
03/29/17,121.34
03/30/17,120.36
03/31/17,120.71
04/03/17,121.67
04/04/17,121.01
04/05/17,121.38
04/06/17,121.20
04/07/17,120.71
04/10/17,121.27
04/11/17,122.42
04/12/17,123.09
04/13/17,123.47
04/17/17,123.09
04/18/17,124.70
04/19/17,124.02
04/20/17,123.54
04/21/17,123.54
04/24/17,122.93
04/25/17,121.45
04/26/17,122.12
04/27/17,122.08
04/28/17,122.35
05/01/17,121.08
05/02/17,121.70
05/03/17,121.78
05/04/17,121.18
05/05/17,121.29
05/08/17,120.63
05/09/17,120.62
05/10/17,120.48
05/11/17,120.48
05/12/17,121.39
05/15/17,121.06
05/16/17,121.51
05/17/17,123.28
05/18/17,123.42
05/19/17,123.71
05/22/17,123.37
05/23/17,122.54
05/24/17,123.23
05/25/17,123.27
05/26/17,123.48
05/30/17,124.09
05/31/17,124.40
06/01/17,124.15
06/02/17,125.62
06/05/17,124.84
06/06/17,125.52
06/07/17,124.92
06/08/17,124.59
06/09/17,124.40
06/12/17,124.36
06/13/17,124.38
06/14/17,126.30
06/15/17,126.10
06/16/17,126.35
06/19/17,126.17
06/20/17,127.30
06/21/17,127.56
06/22/17,127.84
06/23/17,127.78
06/26/17,128.26
06/27/17,126.89
06/28/17,126.47
06/29/17,125.41
06/30/17,125.12
07/03/17,124.46
07/05/17,124.49
07/06/17,123.46
07/07/17,122.72
07/10/17,122.90
07/11/17,123.11
07/12/17,123.96
07/13/17,123.18
07/14/17,123.33
07/17/17,123.67
07/18/17,124.75
07/19/17,124.80
07/20/17,125.16
07/21/17,125.69
07/24/17,125.20
07/25/17,123.57
07/26/17,123.77
07/27/17,123.16
07/28/17,123.89
07/31/17,124.04
08/01/17,124.64
08/02/17,124.71
08/03/17,126.00
08/04/17,124.93
08/07/17,125.07
08/08/17,124.62
08/09/17,125.30
08/10/17,126.37
08/11/17,126.43
08/14/17,125.78
08/15/17,125.25
08/16/17,125.71
08/17/17,126.65
08/18/17,126.62
08/21/17,126.93
08/22/17,126.44
08/23/17,127.30
08/24/17,126.83
08/25/17,127.32
08/28/17,127.24
08/29/17,127.65
08/30/17,127.61
08/31/17,127.99
09/01/17,126.75
09/05/17,128.76
09/06/17,127.97
09/07/17,129.28
09/08/17,129.00
09/11/17,127.46
09/12/17,126.79
09/13/17,126.29
09/14/17,126.81
09/15/17,126.86
09/18/17,126.13
09/19/17,125.82
09/20/17,125.91
09/21/17,125.84
09/22/17,126.20
09/25/17,126.99
09/26/17,126.76
09/27/17,124.85
09/28/17,124.48
09/29/17,124.76
10/02/17,124.28
10/03/17,124.40
10/04/17,124.41
10/05/17,123.94
10/06/17,123.59
10/09/17,123.98
10/10/17,124.18
10/11/17,124.42
10/12/17,124.95
10/13/17,125.85
10/16/17,125.76
10/17/17,125.92
10/18/17,125.09
10/19/17,125.31
10/20/17,123.98
10/23/17,124.20
10/24/17,123.43
10/25/17,122.84
10/26/17,122.43
10/27/17,123.24
10/30/17,124.42
10/31/17,124.46
11/01/17,124.75
11/02/17,125.30
11/03/17,125.64
11/06/17,126.11
11/07/17,126.64
11/08/17,126.36
11/09/17,126.00
11/10/17,124.10
11/13/17,124.36
11/14/17,125.20
11/15/17,126.56
11/16/17,125.46
11/17/17,126.39
11/20/17,126.34
11/21/17,126.74
11/22/17,127.15
11/24/17,126.80
11/27/17,126.62
11/28/17,126.79
11/29/17,125.54
11/30/17,125.12
12/01/17,126.55
12/04/17,126.61
12/05/17,127.24
12/06/17,127.68
12/07/17,126.68
12/08/17,126.69
12/11/17,126.43
12/12/17,126.38
12/13/17,127.33
12/14/17,127.87
12/15/17,128.35
12/18/17,127.18
12/19/17,125.53
12/20/17,124.14
12/21/17,124.60
12/22/17,124.77
12/26/17,125.14
12/27/17,126.77
12/28/17,126.66
12/29/17,126.86
01/02/18,125.49
01/03/18,126.09
01/04/18,126.07
01/05/18,125.71
01/08/18,125.63
01/09/18,123.95
01/10/18,123.80
01/11/18,124.31
01/12/18,124.52
01/16/18,125.04
01/17/18,124.87
01/18/18,123.71
01/19/18,123.06
01/22/18,123.18
01/23/18,123.71
01/24/18,123.04
01/25/18,124.05
01/26/18,123.59
01/29/18,122.73
01/30/18,122.01
01/31/18,122.73
02/01/18,120.70
02/02/18,119.58
02/05/18,120.71
02/06/18,119.96
02/07/18,118.82
02/08/18,118.69
02/09/18,117.94
02/12/18,118.46
02/13/18,118.99
02/14/18,117.67
02/15/18,118.07
02/16/18,118.71
02/20/18,118.19
02/21/18,116.74
02/22/18,117.09
02/23/18,118.13
02/26/18,118.17
02/27/18,118.00
02/28/18,118.75
03/01/18,119.32
03/02/18,118.35
03/05/18,118.03
03/06/18,118.14
03/07/18,118.01
03/08/18,118.69
03/09/18,117.91
03/12/18,118.59
03/13/18,119.19
03/14/18,120.24
03/15/18,120.24
03/16/18,119.81
03/19/18,119.43
03/20/18,118.95
03/21/18,119.08
03/22/18,120.26
03/23/18,120.17
03/26/18,119.71
03/27/18,120.99
03/28/18,121.31
03/29/18,121.90
04/02/18,121.88
04/03/18,120.94
04/04/18,120.69
04/05/18,119.79
04/06/18,121.10
04/09/18,121.30
04/10/18,121.08
04/11/18,121.51
04/12/18,120.62
04/13/18,120.90
04/16/18,120.94
04/17/18,121.27
04/18/18,120.30
04/19/18,119.32
04/20/18,118.46
04/23/18,118.49
04/24/18,117.95
04/25/18,117.16
04/26/18,117.98
04/27/18,118.89
04/30/18,119.10
05/01/18,118.41
05/02/18,118.28
05/03/18,118.81
05/04/18,118.99
05/07/18,118.80
05/08/18,118.69
05/09/18,117.98
05/10/18,118.93
05/11/18,119.23
05/14/18,118.60
05/15/18,117.25
05/16/18,116.80
05/17/18,116.21
05/18/18,117.21
05/21/18,117.27
05/22/18,117.09
05/23/18,117.94
05/24/18,118.88
05/25/18,119.62
05/29/18,122.24
05/30/18,121.42
05/31/18,121.22
06/01/18,120.30
06/04/18,119.43
06/05/18,119.71
06/06/18,118.74
06/07/18,119.89
06/08/18,119.53
06/11/18,119.31
06/12/18,119.34
06/13/18,119.28
06/14/18,120.27
06/15/18,120.38
06/18/18,120.27
06/19/18,120.97
06/20/18,119.91
06/21/18,120.54
06/22/18,120.53
06/25/18,120.80
06/26/18,120.97
06/27/18,122.11
06/28/18,122.14
06/29/18,121.72
07/02/18,121.35
07/03/18,122.00
07/05/18,122.35
07/06/18,122.75
07/09/18,121.96
07/10/18,121.95
07/11/18,122.42
07/12/18,122.41
07/13/18,122.72
07/16/18,122.21
07/17/18,121.98
07/18/18,121.49
07/19/18,122.26
07/20/18,120.76
07/23/18,119.27
07/24/18,119.68
07/25/18,119.49
07/26/18,119.26
07/27/18,119.46
07/30/18,119.05
07/31/18,119.70
08/01/18,118.46
08/02/18,118.63
08/03/18,119.22
08/06/18,119.29
08/07/18,118.67
08/08/18,118.79
08/09/18,119.79
08/10/18,120.66
08/13/18,120.41
08/14/18,120.14
08/15/18,120.84
08/16/18,120.83
08/17/18,120.98
08/20/18,121.79
08/21/18,121.38
08/22/18,121.86
08/23/18,122.05
08/24/18,122.29
08/27/18,121.59
08/28/18,120.86
08/29/18,121.02
08/30/18,121.28
08/31/18,121.00
09/04/18,120.03
09/05/18,119.71
09/06/18,120.15
09/07/18,119.13
09/10/18,119.57
09/11/18,118.66
09/12/18,118.94
09/13/18,119.12
09/14/18,118.55
09/17/18,118.55
09/18/18,117.31
09/19/18,116.61
09/20/18,117.15
09/21/18,117.10
09/24/18,116.80
09/25/18,116.68
09/26/18,117.50
09/27/18,117.58
09/28/18,117.27
10/01/18,116.15
10/02/18,116.86
10/03/18,114.83
10/04/18,114.02
10/05/18,113.04
10/08/18,112.66
10/09/18,113.80
10/10/18,113.49
10/11/18,114.87
10/12/18,114.47
10/15/18,114.42
10/16/18,114.68
10/17/18,114.00
10/18/18,113.96
10/19/18,113.71
10/22/18,113.56
10/23/18,113.92
10/24/18,114.78
10/25/18,114.30
10/26/18,114.99
10/29/18,114.73
10/30/18,114.16
10/31/18,113.58
11/01/18,113.41
11/02/18,112.00
11/05/18,112.44
11/06/18,112.37
11/07/18,112.52
11/08/18,112.51
11/09/18,113.35
11/12/18,114.09
11/13/18,114.02
11/14/18,114.09
11/15/18,114.04
11/16/18,114.70
11/19/18,115.02
11/20/18,115.06
11/21/18,115.02
11/23/18,115.14
11/26/18,114.88
11/27/18,115.01
11/28/18,114.45
11/29/18,114.90
11/30/18,115.33
12/03/18,115.88
12/04/18,117.82
12/06/18,118.19
12/07/18,118.41
12/10/18,118.90
12/11/18,118.88
12/12/18,118.35
12/13/18,118.07
12/14/18,118.48
12/17/18,119.17
12/18/18,119.60
12/19/18,121.18
12/20/18,120.74
12/21/18,120.72
12/24/18,121.32
12/26/18,120.02
12/27/18,120.04
12/28/18,121.05
12/31/18,121.51
01/02/19,122.15
01/03/19,123.54
01/04/19,122.11
01/07/19,121.75
01/08/19,121.43
01/09/19,121.24
01/10/19,120.46
01/11/19,120.93
01/14/19,120.48
01/15/19,120.04
01/16/19,120.16
01/17/19,120.19
01/18/19,119.56
01/22/19,120.37
01/23/19,120.32
01/24/19,121.11
01/25/19,120.53
01/28/19,120.41
01/29/19,121.02
01/30/19,120.93
01/31/19,121.97
02/01/19,120.96
02/04/19,120.42
02/05/19,120.97
02/06/19,121.03
02/07/19,121.83
02/08/19,122.35
02/11/19,121.87
02/12/19,121.56
02/13/19,121.10
02/14/19,121.79
02/15/19,121.98
02/19/19,122.29
02/20/19,121.94
02/21/19,120.85
02/22/19,121.57
02/25/19,121.21
02/26/19,121.81
02/27/19,120.43
02/28/19,120.02
03/01/19,118.66
03/04/19,119.59
03/05/19,119.84
03/06/19,120.28
03/07/19,121.06
03/08/19,121.57
03/11/19,121.21
03/12/19,122.06
03/13/19,121.83
03/14/19,120.95
03/15/19,121.75
03/18/19,121.68
03/19/19,121.41
03/20/19,122.68
03/21/19,122.95
03/22/19,124.86
03/25/19,125.06
03/26/19,124.97
03/27/19,126.12
03/28/19,126.56
03/29/19,126.44
04/01/19,124.37
04/02/19,124.60
04/03/19,123.52
04/04/19,123.87
04/05/19,124.03
04/08/19,123.59
04/09/19,123.98
04/10/19,124.28
04/11/19,123.55
04/12/19,122.67
04/15/19,122.98
04/16/19,122.21
04/17/19,122.26
04/18/19,122.90
04/22/19,122.31
04/23/19,122.57
04/24/19,123.57
04/25/19,123.39
04/26/19,123.81
04/29/19,123.02
04/30/19,123.65
05/01/19,123.90
05/02/19,123.31
05/03/19,123.66
05/06/19,124.00
05/07/19,124.95
05/08/19,124.41
05/09/19,124.92
05/10/19,124.75
05/13/19,125.73
05/14/19,125.36
05/15/19,126.13
05/16/19,125.71
05/17/19,125.99
05/20/19,125.73
05/21/19,125.53
05/22/19,126.25
05/23/19,127.67
05/24/19,127.78
05/28/19,128.79
05/29/19,129.09
05/30/19,130.20
05/31/19,131.83
06/03/19,132.44
06/04/19,130.93
06/05/19,130.19
06/06/19,130.61
06/07/19,131.74
06/10/19,130.50
06/11/19,130.58
06/12/19,130.68
06/13/19,131.13
06/14/19,131.46
06/17/19,131.69
06/18/19,132.35
06/19/19,132.54
06/20/19,132.89
06/21/19,131.43
06/24/19,132.41
06/25/19,132.82
06/26/19,131.97
06/27/19,132.90
06/28/19,132.81
07/01/19,132.24
07/02/19,133.26
07/03/19,134.21
07/05/19,132.43
07/08/19,132.61
07/09/19,132.56
07/10/19,131.83
07/11/19,130.07
07/12/19,130.22
07/15/19,130.97
07/16/19,130.58
07/17/19,131.99
07/18/19,132.00
07/19/19,131.69
07/22/19,131.94
07/23/19,131.22
07/24/19,131.79
07/25/19,131.16
07/26/19,131.47
07/29/19,131.51
07/30/19,131.83
07/31/19,132.89
08/01/19,135.26
08/02/19,136.51
08/05/19,138.87
08/06/19,139.98
08/07/19,140.03
08/08/19,140.33
08/09/19,140.05
08/12/19,142.97
08/13/19,142.48
08/14/19,145.69
08/15/19,147.31
08/16/19,146.13
08/19/19,144.04
08/20/19,145.53
08/21/19,144.56
08/22/19,143.60
08/23/19,145.96
08/26/19,145.37
08/27/19,147.61
08/28/19,147.80
08/29/19,147.24
08/30/19,147.28
09/03/19,147.21
09/04/19,147.43
09/05/19,144.76
09/06/19,145.79
09/09/19,143.20
09/10/19,140.69
09/11/19,140.44
09/12/19,139.52
09/13/19,136.54
09/16/19,138.28
09/17/19,139.03
09/18/19,139.62
09/19/19,140.04
09/20/19,141.89
09/23/19,141.86
09/24/19,143.57
09/25/19,141.47
09/26/19,142.38
09/27/19,142.73
09/30/19,143.08
10/01/19,143.26
10/02/19,143.61
10/03/19,144.92
10/04/19,145.99
10/07/19,144.78
10/08/19,145.17
10/09/19,144.35
10/10/19,142.20
10/11/19,140.44
10/14/19,141.46
10/15/19,139.75
10/16/19,139.92
10/17/19,139.58
10/18/19,139.58
10/21/19,138.53
10/22/19,139.34
10/23/19,139.48
10/24/19,139.20
10/25/19,138.52
10/28/19,137.26
10/29/19,137.35
10/30/19,139.36
10/31/19,141.24
11/01/19,140.56
11/04/19,138.71
11/05/19,137.15
11/06/19,137.98
11/07/19,135.48
11/08/19,134.91
11/11/19,135.00
11/12/19,135.62
11/13/19,136.50
11/14/19,137.91
11/15/19,137.76
11/18/19,138.01
11/19/19,139.16
11/20/19,140.60
11/21/19,139.72
11/22/19,139.90
11/25/19,140.31
11/26/19,141.13
11/27/19,140.72
11/29/19,140.42
12/02/19,138.31
12/03/19,141.21
12/04/19,139.80
12/05/19,139.12
12/06/19,138.35
12/09/19,138.65
12/10/19,138.66
12/11/19,139.75
12/12/19,137.45
12/13/19,139.04
12/16/19,137.79
12/17/19,137.60
12/18/19,136.47
12/19/19,136.47
12/20/19,136.65
12/23/19,136.45
12/24/19,136.84
12/26/19,137.17
12/27/19,137.32
12/30/19,136.82
12/31/19,135.48
01/02/20,137.02
01/03/20,139.12
01/06/20,138.33
01/07/20,137.65
01/08/20,136.74
01/09/20,137.22
01/10/20,138.44
01/13/20,138.02
01/14/20,138.73
01/15/20,139.65
01/16/20,139.21
01/17/20,138.02
01/21/20,139.47
01/22/20,139.96
01/23/20,140.94
01/24/20,142.08
01/27/20,144.29
01/28/20,143.16
01/29/20,144.56
01/30/20,144.58
01/31/20,145.90
02/03/20,145.54
02/04/20,143.58
02/05/20,142.01
02/06/20,142.65
02/07/20,144.43
02/10/20,144.83
02/11/20,144.10
02/12/20,143.37
02/13/20,143.92
02/14/20,144.55
02/18/20,145.54
02/19/20,145.53
02/20/20,146.67
02/21/20,148.04
02/24/20,150.25
02/25/20,151.05
02/26/20,150.25
02/27/20,151.88
02/28/20,155.31
03/02/20,153.94
03/03/20,156.33
03/04/20,154.67
03/05/20,158.52
03/06/20,166.77
03/09/20,171.29
03/10/20,162.51
03/11/20,156.53
03/12/20,157.50
03/13/20,153.94
03/16/20,163.91
03/17/20,152.98
03/18/20,144.35
03/19/20,148.28
03/20/20,159.43
03/23/20,166.00
03/24/20,162.91
03/25/20,162.54
03/26/20,163.34
03/27/20,167.70
03/30/20,166.32
03/31/20,164.97
04/01/20,167.04
04/02/20,168.10
04/03/20,168.50
04/06/20,168.06
04/07/20,166.30
04/08/20,165.09
04/09/20,165.39
04/13/20,163.88
04/14/20,163.84
04/15/20,168.18
04/16/20,170.09
04/17/20,167.81
04/20/20,169.16
04/21/20,171.29
04/22/20,169.54
04/23/20,170.44
04/24/20,170.84
04/27/20,167.66
04/28/20,169.59
04/29/20,168.71
04/30/20,166.74
05/01/20,167.95
05/04/20,167.16
05/05/20,166.09
05/06/20,163.41
05/07/20,166.14
05/08/20,163.98
05/11/20,162.70
05/12/20,164.37
05/13/20,165.52
05/14/20,167.14
05/15/20,166.71
05/18/20,163.05
05/19/20,163.66
05/20/20,164.15
05/21/20,164.56
05/22/20,165.55
05/26/20,163.33
05/27/20,163.03
05/28/20,162.43
05/29/20,163.59
06/01/20,162.28
06/02/20,161.69
06/03/20,159.54
06/04/20,157.23
06/05/20,156.11
06/08/20,156.71
06/09/20,158.49
06/10/20,160.84
06/11/20,163.88
06/12/20,162.30
06/15/20,162.39
06/16/20,159.90
06/17/20,160.56
06/18/20,162.26
06/19/20,162.39
06/22/20,162.41
06/23/20,161.30
06/24/20,163.03
06/25/20,163.50
06/26/20,165.25
06/29/20,164.73
06/30/20,163.93
07/01/20,163.42
07/02/20,163.59
07/06/20,162.92
07/07/20,165.21
07/08/20,164.55
07/09/20,167.17
07/10/20,166.33
07/13/20,166.88
07/14/20,167.12
07/15/20,166.34
07/16/20,167.13
07/17/20,166.78
07/20/20,167.19
07/21/20,167.29
07/22/20,167.79
07/23/20,169.75
07/24/20,169.74
07/27/20,169.11
07/28/20,170.28
07/29/20,169.99
07/30/20,171.11
07/31/20,171.00
08/03/20,169.95
08/04/20,171.57
08/05/20,170.07
08/06/20,171.02
08/07/20,169.88
08/10/20,169.12
08/11/20,167.11
08/12/20,165.59
08/13/20,163.82
08/14/20,163.18
08/17/20,163.59
08/18/20,164.76
08/19/20,163.73
08/20/20,165.21
08/21/20,166.20
08/24/20,165.93
08/25/20,164.66
08/26/20,164.03
08/27/20,161.24
08/28/20,161.12
08/31/20,162.19
09/01/20,163.86
09/02/20,165.42
09/03/20,165.89
09/04/20,162.74
09/08/20,163.74
09/09/20,163.30
09/10/20,164.13
09/11/20,164.48
09/14/20,164.47
09/15/20,164.07
09/16/20,163.58
09/17/20,164.08
09/18/20,163.57
09/21/20,164.40
09/22/20,164.27
09/23/20,164.49
09/24/20,165.12
09/25/20,165.12
09/28/20,164.65
09/29/20,164.84
09/30/20,163.26
10/01/20,163.36
10/02/20,162.75
10/05/20,159.57
10/06/20,160.43
10/07/20,159.26
10/08/20,160.12
10/09/20,160.09
10/12/20,160.60
10/13/20,161.75
10/14/20,162.12
10/15/20,161.84
10/16/20,161.39
10/19/20,160.78
10/20/20,159.25
10/21/20,158.70
10/22/20,157.05
10/23/20,158.01
10/26/20,159.48
10/27/20,160.55
10/28/20,160.70
10/29/20,159.14
10/30/20,157.57
11/02/20,158.58
11/03/20,157.66
11/04/20,161.08
11/05/20,161.36
11/06/20,159.41
11/09/20,156.06
11/10/20,155.16
11/11/20,155.72
11/12/20,158.37
11/13/20,158.16
11/16/20,157.78
11/17/20,158.81
11/18/20,159.27
11/19/20,160.09
11/20/20,161.51
11/23/20,160.77
11/24/20,159.17
11/25/20,158.68
11/27/20,160.22
11/30/20,160.02
12/01/20,157.50
12/02/20,156.25
12/03/20,157.51
12/04/20,155.20
12/07/20,156.60
12/08/20,157.34
12/09/20,156.82
12/10/20,158.21
12/11/20,158.77
12/14/20,158.33
12/15/20,157.80
12/16/20,157.38
12/17/20,156.80
12/18/20,156.33
12/21/20,156.95
12/22/20,157.76
12/23/20,156.67
12/24/20,157.29
12/28/20,157.36
12/29/20,157.16
12/30/20,157.50
12/31/20,157.73
01/04/21,157.54
01/05/21,156.37
01/06/21,153.16
01/07/21,151.81
01/08/21,151.32
01/11/21,151.07
01/12/21,150.95
01/13/21,152.65
01/14/21,151.22
01/15/21,151.82
01/19/21,152.31
01/20/21,152.46
01/21/21,151.39
01/22/21,151.88
01/25/21,153.67
01/26/21,153.38
01/27/21,153.77
01/28/21,152.92
01/29/21,152.00
02/01/21,152.00
02/02/21,151.02
02/03/21,149.68
02/04/21,149.28
02/05/21,148.03
02/08/21,148.68
02/09/21,148.79
02/10/21,149.78
02/11/21,148.96
02/12/21,147.11
02/16/21,144.87
02/17/21,145.79
02/18/21,145.20
02/19/21,143.27
02/22/21,142.18
02/23/21,141.77
02/24/21,140.84
02/25/21,138.54
02/26/21,143.12
03/01/21,141.06
03/02/21,141.07
03/03/21,139.54
03/04/21,138.64
03/05/21,138.91
03/08/21,137.83
03/09/21,139.74
03/10/21,140.02
03/11/21,139.01
03/12/21,136.06
03/15/21,136.86
03/16/21,136.31
03/17/21,135.29
03/18/21,133.92
03/19/21,134.75
03/22/21,136.26
03/23/21,137.49
03/24/21,138.23
03/25/21,137.14
03/26/21,136.66
03/29/21,135.50
03/30/21,136.21
03/31/21,135.45
04/01/21,137.51
04/05/21,136.91
04/06/21,137.84
04/07/21,136.88
04/08/21,138.01
04/09/21,137.51
04/12/21,137.45
04/13/21,138.48
04/14/21,138.04
04/15/21,140.35
04/16/21,139.26
04/19/21,138.86
04/20/21,139.50
04/21/21,139.78
04/22/21,140.39
04/23/21,140.06
04/26/21,139.86
04/27/21,138.64
04/28/21,138.73
04/29/21,138.32
04/30/21,138.64
05/03/21,138.52
05/04/21,139.46
05/05/21,139.69
05/06/21,139.92
05/07/21,139.23
05/10/21,137.82
05/11/21,137.04
05/12/21,135.60
05/13/21,135.81
05/14/21,137.08
05/17/21,136.79
05/18/21,136.44
05/19/21,136.11
05/20/21,137.23
05/21/21,137.67
05/24/21,138.18
05/25/21,139.46
05/26/21,139.22
05/27/21,138.66
05/28/21,138.44
06/01/21,138.21
06/02/21,138.53
06/03/21,138.01
06/04/21,139.90
06/07/21,139.47
06/08/21,140.45
06/09/21,141.69
06/10/21,142.54
06/11/21,142.31
06/14/21,141.22
06/15/21,141.05
06/16/21,140.93
06/17/21,143.04
06/18/21,145.73
06/21/21,143.29
06/22/21,143.64
06/23/21,143.27
06/24/21,143.50
06/25/21,142.01
06/28/21,143.47
06/29/21,143.71
06/30/21,144.35
07/01/21,144.17
07/02/21,145.04
07/06/21,146.74
07/07/21,148.04
07/08/21,148.62
07/09/21,146.53
07/12/21,146.34
07/13/21,145.22
07/14/21,146.87
07/15/21,148.49
07/16/21,148.21
07/19/21,151.46
07/20/21,150.00
07/21/21,148.10
07/22/21,149.50
07/23/21,148.50
07/26/21,148.06
07/27/21,149.64
07/28/21,149.65
07/29/21,148.82
07/30/21,149.52
08/02/21,150.67
08/03/21,150.75
08/04/21,151.06
08/05/21,150.29
08/06/21,147.78
08/09/21,147.25
08/10/21,146.57
08/11/21,146.48
08/12/21,146.24
08/13/21,148.55
08/16/21,148.91
08/17/21,148.85
08/18/21,149.35
08/19/21,150.45
08/20/21,150.55
08/23/21,150.45
08/24/21,149.28
08/25/21,148.04
08/26/21,148.45
08/27/21,149.46
08/30/21,149.85
08/31/21,148.83
09/01/21,148.89
09/02/21,149.54
09/03/21,148.18
09/07/21,146.93
09/08/21,147.93
09/09/21,149.72
09/10/21,148.40
09/13/21,149.30
09/14/21,151.11
09/15/21,150.58
09/16/21,149.89
09/17/21,149.17
09/20/21,151.02
09/21/21,150.89
09/22/21,151.79
09/23/21,148.36
09/24/21,146.91
09/27/21,146.37
09/28/21,144.09
09/29/21,144.34
09/30/21,144.32
10/01/21,145.35
10/04/21,144.98
10/05/21,143.58
10/06/21,144.39
10/07/21,142.88
10/08/21,141.88
10/11/21,141.52
10/12/21,143.94
10/13/21,145.34
10/14/21,145.88
10/15/21,145.03
10/18/21,145.71
10/19/21,143.70
10/20/21,142.73
10/21/21,142.56
10/22/21,144.13
10/25/21,143.91
10/26/21,145.10
10/27/21,147.74
10/28/21,147.24
10/29/21,147.69
11/01/21,146.44
11/02/21,147.09
11/03/21,145.57
11/04/21,147.10
11/05/21,149.30
11/08/21,149.02
11/09/21,150.96
11/10/21,148.20
11/11/21,147.98
11/12/21,147.33
11/15/21,145.48
11/16/21,145.11
11/17/21,146.26
11/18/21,146.81
11/19/21,148.36
11/22/21,146.62
11/23/21,144.50
11/24/21,146.82
11/26/21,150.53
11/29/21,149.32
11/30/21,151.59
12/01/21,152.34
12/02/21,152.53
12/03/21,154.35
12/06/21,152.23
12/07/21,151.00
12/08/21,148.39
12/09/21,149.22
12/10/21,148.86
12/13/21,151.06
12/14/21,150.70
12/15/21,149.25
12/16/21,149.14
12/17/21,150.83
12/20/21,149.70
12/21/21,149.13
12/22/21,149.82
12/23/21,148.52
12/27/21,148.88
12/28/21,148.29
12/29/21,146.67
12/30/21,147.90
12/31/21,148.19
01/03/22,144.30
01/04/22,143.70
01/05/22,142.92
01/06/22,143.29
01/07/22,142.26
01/10/22,142.61
01/11/22,143.56
01/12/22,143.01
01/13/22,144.28
01/14/22,142.10
01/18/22,140.10
01/19/22,141.07
01/20/22,141.94
01/21/22,143.63
01/24/22,142.45
01/25/22,142.22
01/26/22,140.50
01/27/22,143.08
01/28/22,143.13
01/31/22,142.39
02/01/22,141.72
02/02/22,142.20
02/03/22,141.09
02/04/22,139.01
02/07/22,139.10
02/08/22,138.17
02/09/22,138.43
02/10/22,136.23
02/11/22,138.25
02/14/22,136.53
02/15/22,134.98
02/16/22,135.78
02/17/22,136.79
02/18/22,138.23
02/22/22,138.59
02/23/22,136.68
02/24/22,136.77
02/25/22,136.87
02/28/22,139.87
03/01/22,141.30
03/02/22,136.47
03/03/22,137.86
03/04/22,140.24
03/07/22,139.17
03/08/22,137.77
03/09/22,136.42
03/10/22,134.46
03/11/22,134.91
03/14/22,131.76
03/15/22,131.53
03/16/22,132.82
03/17/22,131.83
03/18/22,133.44
03/21/22,130.35
03/22/22,128.68
03/23/22,131.50
03/24/22,130.47
03/25/22,128.66
03/28/22,129.76
03/29/22,130.74
03/30/22,131.76
03/31/22,132.08
04/01/22,132.38
04/04/22,131.46
04/05/22,128.49
04/06/22,127.45
04/07/22,126.49
04/08/22,125.12
04/11/22,123.14
04/12/22,122.97
04/13/22,123.22
04/14/22,120.75
04/18/22,120.15
04/19/22,119.25
04/20/22,121.65
04/21/22,120.75
04/22/22,119.99
04/25/22,121.19
04/26/22,122.41
04/27/22,120.84
04/28/22,121.02
04/29/22,119.45
05/02/22,117.18
05/03/22,117.97
05/04/22,118.62
05/05/22,115.37
05/06/22,113.67
05/09/22,114.67
05/10/22,115.71
05/11/22,117.94
05/12/22,117.72
05/13/22,115.98
05/16/22,115.86
05/17/22,114.46
05/18/22,116.90
05/19/22,117.18
05/20/22,118.51
05/23/22,116.56
05/24/22,118.86
05/25/22,119.33
05/26/22,118.79
05/27/22,119.08
05/31/22,116.56
06/01/22,116.22
06/02/22,116.28
06/03/22,116.03
06/06/22,113.89
06/07/22,115.12
06/08/22,114.10
06/09/22,114.48
06/10/22,113.77
06/13/22,110.20
06/14/22,108.81
06/15/22,110.84
06/16/22,111.72
06/17/22,112.08
06/21/22,110.18
06/22/22,113.21
06/23/22,114.14
06/24/22,112.56
06/27/22,111.60
06/28/22,112.12
06/29/22,113.87
06/30/22,114.87
07/01/22,115.82
07/05/22,116.73
07/06/22,114.77
07/07/22,113.76
07/08/22,112.50
07/11/22,114.44
07/12/22,115.12
07/13/22,116.44
07/14/22,115.49
07/15/22,116.14
07/18/22,114.93
07/19/22,114.31
07/20/22,114.61
07/21/22,116.59
07/22/22,118.55
07/25/22,117.39
07/26/22,117.48
07/27/22,116.82
07/28/22,117.75
07/29/22,117.43
08/01/22,120.04
08/02/22,117.50
08/03/22,119.35
08/04/22,119.31
08/05/22,116.47
08/08/22,118.35
08/09/22,117.89
08/10/22,117.12
08/11/22,114.39
08/12/22,115.55
08/15/22,115.45
08/16/22,115.93
08/17/22,114.72
08/18/22,114.89
08/19/22,113.04
08/22/22,112.66
08/23/22,112.04
08/24/22,111.22
08/25/22,112.77
08/26/22,113.62
08/29/22,112.68
08/30/22,112.96
08/31/22,111.88
09/01/22,109.60
09/02/22,110.22
09/06/22,107.49
09/07/22,109.19
09/08/22,108.07
09/09/22,108.31
09/12/22,107.42
09/13/22,107.67
09/14/22,108.04
09/15/22,107.97
09/16/22,107.07
09/19/22,107.32
09/20/22,106.25
09/21/22,108.03
09/22/22,105.27
09/23/22,105.70
09/26/22,103.68
09/27/22,100.95
09/28/22,104.33
09/29/22,103.79
09/30/22,102.45
10/03/22,103.83
10/04/22,103.54
10/05/22,102.55
10/06/22,101.98
10/07/22,100.99
10/10/22,99.42
10/11/22,99.86
10/12/22,100.35
10/13/22,99.39
10/14/22,98.57
10/17/22,98.09
10/18/22,98.32
10/19/22,96.53
10/20/22,94.88
10/21/22,93.17
10/24/22,92.40
10/25/22,95.09
10/26/22,96.46
10/27/22,97.47
10/28/22,96.80
10/31/22,96.11
11/01/22,96.77
11/02/22,96.35
11/03/22,95.83
11/04/22,94.22
11/07/22,93.28
11/08/22,94.30
11/09/22,94.61
11/10/22,98.25
11/11/22,97.89
11/14/22,97.65
11/15/22,99.23
11/16/22,101.40
11/17/22,100.33
11/18/22,99.64
11/21/22,100.06
11/22/22,101.48
11/23/22,103.25
11/25/22,102.90
11/28/22,103.19
11/29/22,101.98
11/30/22,102.73
12/01/22,105.76
12/02/22,107.09
12/05/22,105.59
12/06/22,106.95
12/07/22,109.47
12/08/22,109.17
12/09/22,106.33
12/12/22,106.67
12/13/22,107.70
12/14/22,108.16
12/15/22,108.32
12/16/22,107.11
12/19/22,105.31
12/20/22,103.44
12/21/22,103.70
12/22/22,103.68
12/23/22,102.16
12/27/22,100.14
12/28/22,99.55
12/29/22,100.68
12/30/22,99.56
01/03/23,101.46
01/04/23,102.85
01/05/23,103.28
01/06/23,105.18
01/09/23,105.74
01/10/23,103.99
01/11/23,105.68
01/12/23,107.76
01/13/23,106.75
01/17/23,106.06
01/18/23,108.63
01/19/23,107.95
01/20/23,106.20
01/23/23,105.70
01/24/23,107.22
01/25/23,107.48
01/26/23,106.98
01/27/23,106.71
01/30/23,106.32
01/31/23,107.17
02/01/23,108.18
02/02/23,108.32
02/03/23,106.70
02/06/23,105.91
02/07/23,105.06
02/08/23,105.56
02/09/23,104.56
02/10/23,103.39
02/13/23,104.26
02/14/23,104.02
02/15/23,103.05
02/16/23,101.59
02/17/23,102.38
02/21/23,100.39
02/22/23,101.31
02/23/23,102.30
02/24/23,100.97
02/27/23,101.25
02/28/23,101.71
03/01/23,100.37
03/02/23,99.48
03/03/23,101.89
03/06/23,101.10
03/07/23,101.72
03/08/23,101.82
03/09/23,102.07
03/10/23,105.59
03/13/23,105.83
03/14/23,104.09
03/15/23,106.10
03/16/23,105.27
03/17/23,106.85
03/20/23,105.91
03/21/23,105.00
03/22/23,106.40
03/23/23,106.40
03/24/23,106.85
03/27/23,104.34
03/28/23,104.53
03/29/23,104.32
03/30/23,104.80
03/31/23,106.37
04/03/23,106.60
04/04/23,107.13
04/05/23,108.25
04/06/23,108.53
04/10/23,106.78
04/11/23,107.00
04/12/23,106.89
04/13/23,106.05
04/14/23,105.08
04/17/23,103.83
04/18/23,104.20
04/19/23,104.10
04/20/23,104.99
04/21/23,104.40
04/24/23,105.41
04/25/23,106.96
04/26/23,105.82
04/27/23,104.77
04/28/23,106.46
05/01/23,103.13
05/02/23,105.70
05/03/23,106.29
05/04/23,105.24
05/05/23,104.89
05/08/23,103.42
05/09/23,103.05
05/10/23,104.05
05/11/23,105.15
05/12/23,104.27
05/15/23,103.19
05/16/23,102.88
05/17/23,102.58
05/18/23,101.82
05/19/23,101.10
05/22/23,100.74
05/23/23,101.03
05/24/23,100.53
05/25/23,100.28
05/26/23,101.09
05/30/23,102.10
05/31/23,102.99
06/01/23,103.12
06/02/23,101.99
06/05/23,101.80
06/06/23,102.40
06/07/23,100.88
06/08/23,102.06
06/09/23,101.92
06/12/23,102.22
06/13/23,101.21
06/14/23,102.02
06/15/23,103.00
06/16/23,102.60
06/20/23,103.31
06/21/23,103.56
06/22/23,102.31
06/23/23,103.33
06/26/23,103.44
06/27/23,103.17
06/28/23,103.61
06/29/23,101.74
06/30/23,102.94
07/03/23,102.08
07/05/23,101.11
07/06/23,99.68
07/07/23,99.08
07/10/23,99.21
07/11/23,99.72
07/12/23,100.83
07/13/23,101.89
07/14/23,101.29
07/17/23,101.34
07/18/23,101.80
07/19/23,102.95
07/20/23,101.70
07/21/23,101.73
07/24/23,101.36
07/25/23,101.17
07/26/23,101.27
07/27/23,99.30
07/28/23,99.81
07/31/23,100.05
08/01/23,98.14
08/02/23,97.09
08/03/23,94.85
08/04/23,96.53
08/07/23,95.58
08/08/23,96.69
08/09/23,97.19
08/10/23,95.59
08/11/23,95.37
08/14/23,95.16
08/15/23,94.58
08/16/23,93.84
08/17/23,93.44
08/18/23,93.77
08/21/23,92.52
08/22/23,93.23
08/23/23,95.54
08/24/23,94.91
08/25/23,95.22
08/28/23,95.32
08/29/23,96.31
08/30/23,96.21
08/31/23,96.64
09/01/23,94.85
09/05/23,93.52
09/06/23,93.75
09/07/23,94.01
09/08/23,94.37
09/11/23,93.69
09/12/23,94.23
09/13/23,94.21
09/14/23,93.53
09/15/23,92.96
09/18/23,93.49
09/19/23,92.80
09/20/23,93.09
09/21/23,90.70
09/22/23,91.43
09/25/23,89.18
09/26/23,88.87
09/27/23,88.41
09/28/23,88.68
09/29/23,88.69
10/02/23,86.93
10/03/23,85.06
10/04/23,86.26
10/05/23,85.83
10/06/23,84.79
10/09/23,86.78
10/10/23,86.66
10/11/23,88.47
10/12/23,86.07
10/13/23,87.61
10/16/23,86.20
10/17/23,85.25
10/18/23,84.50
10/19/23,82.77
10/20/23,83.24
10/23/23,84.24
10/24/23,85.35
10/25/23,83.45
10/26/23,84.73
10/27/23,84.37
10/30/23,83.99
10/31/23,83.58
11/01/23,85.10
11/02/23,87.04
11/03/23,87.63
11/06/23,86.78
11/07/23,88.06
11/08/23,89.56
11/09/23,87.50
11/10/23,87.99
11/13/23,87.79
11/14/23,89.78
11/15/23,88.52
11/16/23,89.62
11/17/23,90.04
11/20/23,90.59
11/21/23,90.55
11/22/23,90.87
11/24/23,89.80
11/27/23,91.30
11/28/23,91.48
11/29/23,92.63
11/30/23,91.56
12/01/23,92.99
12/04/23,92.62
12/05/23,94.61
12/06/23,95.87
12/07/23,95.32
12/08/23,94.54
12/11/23,94.34
12/12/23,94.62
12/13/23,96.84
12/14/23,99.04
12/15/23,99.15
12/18/23,98.36
12/19/23,98.89
12/20/23,99.56
12/21/23,98.93
12/22/23,98.48
12/26/23,98.76
12/27/23,100.51
12/28/23,99.78
12/29/23,98.88
01/02/24,98.31
01/03/24,98.72
01/04/24,97.22
01/05/24,96.29
01/08/24,97.24
01/09/24,96.62
01/10/24,96.17
01/11/24,96.71
01/12/24,96.52
01/16/24,94.82
01/17/24,94.67
01/18/24,93.79
01/19/24,94.09
01/22/24,94.65
01/23/24,93.90
01/24/24,93.35
01/25/24,93.96
01/26/24,93.78
01/29/24,94.86
01/30/24,95.72
01/31/24,96.66
02/01/24,98.24
02/02/24,96.07
02/05/24,94.13
02/06/24,95.05
02/07/24,94.59
02/08/24,94.04
02/09/24,93.85
02/12/24,93.96
02/13/24,92.35
02/14/24,92.82
02/15/24,93.30
02/16/24,92.76
02/20/24,92.84
02/21/24,92.18
02/22/24,92.63
02/23/24,93.87
02/26/24,93.59
02/27/24,92.93
02/28/24,93.52
02/29/24,94.18
03/01/24,94.47
03/04/24,94.09
03/05/24,95.43
03/06/24,95.99
03/07/24,95.90
03/08/24,95.73
03/11/24,95.68
03/12/24,94.88
03/13/24,94.42
03/14/24,92.97
03/15/24,92.94
03/18/24,92.66
03/19/24,92.92
03/20/24,92.89
03/21/24,93.09
03/22/24,93.98
03/25/24,93.51
03/26/24,93.77
03/27/24,94.70
03/28/24,94.62
04/01/24,92.55
04/02/24,92.04
04/03/24,92.02
04/04/24,92.68
04/05/24,91.39
04/08/24,91.38
04/09/24,92.23
04/10/24,90.22
04/11/24,89.81
04/12/24,90.29
04/15/24,88.89
04/16/24,88.30
04/17/24,89.28
04/18/24,88.83
04/19/24,89.15
04/22/24,89.00
04/23/24,89.03
04/24/24,88.40
04/25/24,87.78
04/26/24,88.24
04/29/24,88.98
04/30/24,88.22
05/01/24,88.56
05/02/24,88.94
05/03/24,89.84
05/06/24,90.19
05/07/24,90.74
05/08/24,90.19
05/09/24,90.63
05/10/24,90.12
05/13/24,90.35
05/14/24,90.86
05/15/24,92.10
05/16/24,92.01
05/17/24,91.39
05/20/24,91.12
05/21/24,91.59
05/22/24,91.70
05/23/24,91.11
05/24/24,91.38
05/28/24,90.07
05/29/24,88.98
05/30/24,89.84
05/31/24,90.45
06/03/24,91.60
06/04/24,92.67
06/05/24,93.35
06/06/24,93.21
06/07/24,91.50
06/10/24,90.89
06/11/24,91.83
06/12/24,92.52
06/13/24,93.88
06/14/24,94.67
06/17/24,93.73
06/18/24,94.59
06/20/24,93.96
06/21/24,93.96
06/24/24,94.34
06/25/24,94.50
06/26/24,93.15
06/27/24,93.52
06/28/24,91.78
07/01/24,89.91
07/02/24,90.61
07/03/24,91.80
07/05/24,92.56
07/08/24,92.76
07/09/24,92.35
07/10/24,92.64
07/11/24,93.54
07/12/24,93.94
07/15/24,92.86
07/16/24,94.17
07/17/24,94.19
07/18/24,93.47
07/19/24,92.92
07/22/24,92.65
07/23/24,92.52
07/24/24,91.52
07/25/24,92.27
07/26/24,92.99
07/29/24,93.49
07/30/24,93.85
07/31/24,94.81
08/01/24,95.31
08/02/24,98.28
08/05/24,98.80
08/06/24,96.59
08/07/24,95.91
08/08/24,95.32
08/09/24,96.26
08/12/24,96.61
08/13/24,97.28
08/14/24,97.89
08/15/24,97.10
08/16/24,97.44
08/19/24,97.89
08/20/24,98.67
08/21/24,98.73
08/22/24,97.75
08/23/24,98.39
08/26/24,98.14
08/27/24,97.97
08/28/24,97.85
08/29/24,97.53
08/30/24,96.49
09/03/24,97.75
09/04/24,99.01
09/05/24,99.57
09/06/24,99.56
09/09/24,99.99
09/10/24,100.69
09/11/24,100.61
09/12/24,100.14
09/13/24,100.41
09/16/24,101.33
09/17/24,100.84
09/18/24,99.59
09/19/24,99.26
09/20/24,98.88
09/23/24,98.67
09/24/24,98.65
09/25/24,97.83
09/26/24,98.06
09/27/24,98.57
09/30/24,98.10
10/01/24,98.49
10/02/24,97.66
10/03/24,96.74
10/04/24,95.55
10/07/24,94.83
10/08/24,94.99
10/09/24,94.45
10/10/24,94.08
10/11/24,93.70
10/14/24,93.77
10/15/24,94.91
10/16/24,95.31
10/17/24,93.80
10/18/24,93.87
10/21/24,92.23
10/22/24,92.32
10/23/24,92.07
10/24/24,92.66
10/25/24,92.14
10/28/24,91.89
10/29/24,92.03
10/30/24,92.30
10/31/24,92.45
11/01/24,90.84
11/04/24,92.25
11/05/24,92.74
11/06/24,90.20
11/07/24,91.33
11/08/24,92.49
11/11/24,92.04
11/12/24,90.66
11/13/24,89.80
11/14/24,90.32
11/15/24,90.08
11/18/24,90.24
11/19/24,90.70
11/20/24,90.41
11/21/24,90.34
11/22/24,90.39
11/25/24,92.73
11/26/24,92.37
11/27/24,93.01
11/29/24,93.97
12/02/24,93.87
12/03/24,93.06
12/04/24,94.06
12/05/24,94.25
12/06/24,94.39
12/09/24,93.52
12/10/24,93.08
12/11/24,92.20
12/12/24,91.08
12/13/24,90.15
12/16/24,90.42
12/17/24,90.64
12/18/24,89.16
12/19/24,87.81
12/20/24,88.31
12/23/24,87.50
12/24/24,87.87
12/26/24,87.82
12/27/24,87.10
12/30/24,87.80
12/31/24,87.33
01/02/25,87.57
01/03/25,87.29
01/06/25,86.90
01/07/25,85.92
01/08/25,86.03
01/10/25,85.46
01/13/25,85.43
01/14/25,85.29
01/15/25,86.76
01/16/25,87.04
01/17/25,87.19
01/21/25,87.97
01/22/25,87.51
01/23/25,86.83
01/24/25,87.22
01/27/25,88.25
01/28/25,88.19
01/29/25,88.01
01/30/25,88.34
01/31/25,87.76
02/03/25,88.16
02/04/25,88.43
02/05/25,89.89
02/06/25,89.85
02/07/25,89.27
02/10/25,89.00
02/11/25,88.43
02/12/25,87.23
02/13/25,88.68
02/14/25,89.15
02/18/25,88.10
02/19/25,88.21
02/20/25,88.54
02/21/25,89.61
02/24/25,89.87
02/25/25,91.42
02/26/25,91.96
02/27/25,91.31
02/28/25,92.43
03/03/25,92.57
03/04/25,91.43
03/05/25,90.70
03/06/25,90.40
03/07/25,90.11
03/10/25,91.05
03/11/25,90.40
03/12/25,89.86
03/13/25,90.65
03/14/25,90.17
03/17/25,90.62
03/18/25,90.71
03/19/25,91.18
03/20/25,91.24
03/21/25,90.70
03/24/25,89.77
03/25/25,89.76
03/26/25,89.17
03/27/25,88.91
03/28/25,90.14
03/31/25,91.03
04/01/25,91.49
04/02/25,91.43
04/03/25,91.85
04/04/25,92.85
04/07/25,90.05
04/08/25,88.35
04/09/25,88.87
04/10/25,86.42
04/11/25,86.89
04/14/25,87.51
04/15/25,87.82
04/16/25,88.31
04/17/25,87.53
04/21/25,86.00
04/22/25,86.48
04/23/25,87.32
04/24/25,88.24
04/25/25,88.89
04/28/25,89.45
04/29/25,90.20
04/30/25,89.47
05/01/25,88.69
05/02/25,87.73
05/05/25,87.24
05/06/25,87.53
05/07/25,87.90
05/08/25,86.92
05/09/25,87.05
05/12/25,86.24
05/13/25,85.89
05/14/25,85.32
05/15/25,86.07
05/16/25,86.30
05/19/25,86.05
05/20/25,85.43
05/21/25,83.97
05/22/25,84.41
05/23/25,84.55
05/27/25,85.73
05/28/25,85.36
05/29/25,86.15
05/30/25,86.28
06/02/25,85.16
06/03/25,85.01
06/04/25,86.39
06/05/25,86.45
06/06/25,85.35
06/09/25,85.44
06/10/25,85.88
06/11/25,86.14
06/12/25,87.17
06/13/25,86.33
06/16/25,85.46
06/17/25,86.50
06/18/25,86.65
06/20/25,86.49
06/23/25,86.77
06/24/25,87.40
06/25/25,87.51
06/26/25,87.95
06/27/25,87.39
06/30/25,88.25
07/01/25,88.14
07/02/25,87.58
07/03/25,86.97
07/07/25,86.14
07/08/25,86.03
07/09/25,86.93
07/10/25,86.99
07/11/25,85.79
07/14/25,85.61
07/15/25,85.01
07/16/25,85.13
07/17/25,85.11
07/18/25,85.24
07/21/25,86.00
07/22/25,86.52
07/23/25,86.04
07/24/25,85.89
07/25/25,86.43
07/28/25,85.87
07/29/25,87.32
07/30/25,86.87
07/31/25,86.92
08/01/25,87.82
08/04/25,88.06
08/05/25,88.33
08/06/25,87.82
08/07/25,87.67
08/08/25,87.29
08/11/25,87.39
08/12/25,86.95
08/13/25,87.67
08/14/25,87.02
08/15/25,86.40
08/18/25,86.15
08/19/25,86.65
08/20/25,86.84
08/21/25,86.41
08/22/25,87.05
08/25/25,86.80
08/26/25,86.75
08/27/25,86.65
08/28/25,87.22
08/29/25,86.60
09/02/25,85.63
09/03/25,86.57
09/04/25,87.23
09/05/25,88.56
09/08/25,89.74
09/09/25,89.23
09/10/25,89.74
09/11/25,90.34
09/12/25,89.95
09/15/25,90.16
09/16/25,90.35
09/17/25,90.12
09/18/25,89.19
09/19/25,89.02
09/22/25,88.70
09/23/25,89.32
09/24/25,88.98
09/25/25,88.98
09/26/25,88.90
09/29/25,89.63
09/30/25,89.37
10/01/25,89.29
10/02/25,89.55
10/03/25,89.38
10/06/25,88.67
10/07/25,89.18
10/08/25,89.25
10/09/25,89.18
10/10/25,90.62
10/13/25,90.57
10/14/25,90.86
10/15/25,90.66
10/16/25,91.34
10/17/25,91.20
10/20/25,91.55
10/21/25,92.00
10/22/25,92.06
10/23/25,91.43
10/24/25,91.47
10/27/25,91.78
10/28/25,92.02
10/29/25,91.09
10/30/25,90.56
10/31/25,90.29
11/03/25,89.74
11/04/25,89.94
11/05/25,88.96
11/06/25,89.76
11/07/25,89.57
11/10/25,89.55
11/11/25,89.96